Praha;1308632
Benešov;16656
Bernartice;235
Bílkovice;214
Blažejovice;116
Borovnice;81
Bukovany;765
Bystřice;4422
Ctiboř;144
Čakov;127
Čechtice;1403
Čerčany;2868
Červený Újezd;349
Český Šternberk;164
Čtyřkoly;704
Děkanovice;61
Divišov;1738
Dolní Kralovice;886
Drahňovice;98
Dunice;64
Heřmaničky;742
Hradiště;24
Hulice;294
Hvězdonice;318
Chářovice;207
Chleby;50
Chlístov;377
Chlum;132
Chmelná;142
Chocerady;1262
Choratice;72
Chotýšany;569
Chrášťany;238
Jankov;917
Javorník;120
Ješetice;130
Kamberk;138
Keblov;183
Kladruby;265
Kondrac;508
Kozmice;320
Krhanice;1039
Krňany;438
Křečovice;798
Křivsoudov;429
Kuňovice;94
Lešany;780
Libež;208
Litichovice;64
Loket;563
Louňovice pod Blaníkem;652
Lštění;435
Maršovice;765
Mezno;366
Miličín;822
Miřetice;189
Mnichovice;211
Mrač;835
Načeradec;1056
Nespeky;743
Netvořice;1132
Neustupov;529
Neveklov;2638
Olbramovice;1247
Ostrov;48
Ostředek;388
Pavlovice;229
Petroupim;306
Popovice;279
Poříčí nad Sázavou;1344
Postupice;1355
Pravonín;574
Přestavlky u Čerčan;377
Psáře;130
Pyšely;1971
Rabyně;271
Radošovice;366
Rataje;160
Ratměřice;301
Řehenice;432
Řimovice;226
Sázava;3720
Slověnice;37
Smilkov;271
Snět;112
Soběhrdy;410
Soutice;255
Stranný;113
Strojetice;124
Struhařov;890
Střezimíř;315
Studený;94
Šetějovice;58
Tehov;362
Teplýšovice;521
Tichonice;207
Tisem;221
Tomice;137
Trhový Štěpánov;1387
Třebešice;90
Týnec nad Sázavou;5715
Václavice;591
Veliš;327
Vlašim;11598
Vodslivy;96
Vojkov;493
Votice;4587
Vracovice;401
Vranov;416
Vrchotovy Janovice;1027
Všechlapy;106
Vysoký Újezd;196
Xaverov;56
Zdislavice;535
Zvěstov;347
Bavoryně;348
Beroun;19510
Běštín;328
Broumy;963
Březová;339
Bubovice;519
Bykoš;224
Bzová;445
Cerhovice;1183
Drozdov;785
Felbabka;290
Hlásná Třebaň;1060
Hořovice;6844
Hostomice;1765
Hředle;393
Hudlice;1218
Hvozdec;249
Hýskov;1869
Chaloupky;511
Chlustina;241
Chodouň;689
Chrustenice;970
Chyňava;1827
Jivina;194
Karlštejn;848
Komárov;2419
Koněprusy;248
Korno;118
Kotopeky;303
Králův Dvůr;9357
Kublov;658
Lážovice;108
Lhotka;338
Libomyšl;584
Liteň;1185
Loděnice;2002
Lochovice;1214
Lužce;124
Malá Víska;98
Málkov;112
Měňany;308
Mezouň;571
Mořina;851
Mořinka;161
Nenačovice;274
Nesvačily;164
Neumětely;577
Nižbor;2056
Nový Jáchymov;696
Olešná;433
Osek;797
Osov;328
Otmíče;180
Otročiněves;529
Podbrdy;214
Podluhy;674
Praskolesy;909
Rpety;487
Skřipel;129
Skuhrov;533
Srbsko;557
Stašov;443
Suchomasty;478
Svatá;515
Svatý Jan pod Skalou;176
Svinaře;783
Tetín;872
Tlustice;1019
Tmaň;1212
Točník;239
Trubín;478
Trubská;186
Újezd;650
Velký Chlumec;416
Vinařice;103
Vižina;269
Vráž;1182
Všeradice;441
Vysoký Újezd;869
Zadní Třebaň;885
Zaječov;1433
Záluží;531
Zdice;4179
Žebrák;2181
Železná;278
Běleč;326
Běloky;184
Beřovice;378
Bílichov;191
Blevice;284
Brandýsek;1950
Braškov;1071
Bratronice;922
Buštěhrad;3464
Cvrčovice;752
Černuc;985
Doksy;1662
Dolany;300
Drnek;172
Družec;1064
Dřetovice;472
Dřínov;325
Hobšovice;370
Horní Bezděkov;658
Hořešovice;259
Hořešovičky;137
Hospozín;527
Hostouň;1217
Hradečno;490
Hrdlív;498
Hřebeč;2069
Chržín;248
Jarpice;294
Jedomělice;407
Jemníky;284
Kačice;1224
Kamenné Žehrovice;1724
Kamenný Most;427
Kladno;69054
Klobuky;1009
Kmetiněves;298
Knovíz;566
Koleč;582
Královice;228
Kutrovice;110
Kvílice;79
Kyšice;627
Lány;2196
Ledce;515
Lhota;646
Libochovičky;64
Libovice;369
Libušín;3346
Lidice;581
Líský;110
Loucká;136
Makotřasy;471
Malé Kyšice;495
Malé Přítočno;240
Malíkovice;395
Neprobylice;166
Neuměřice;436
Otvovice;818
Páleč;214
Pavlov;191
Pchery;1932
Pletený Újezd;557
Plchov;192
Podlešín;323
Poštovice;218
Pozdeň;455
Přelíc;388
Řisuty;358
Sazená;325
Slaný;15834
Slatina;623
Smečno;1962
Stehelčeves;981
Stochov;5416
Stradonice;126
Studeněves;481
Svárov;600
Svinařov;719
Šlapanice;182
Třebichovice;589
Třebíz;233
Třebusice;511
Tuchlovice;2604
Tuřany;597
Uhy;381
Unhošť;4779
Velká Dobrá;1784
Velké Přítočno;1026
Velvary;3044
Vinařice;2104
Vraný;746
Vrbičany;226
Zájezd;133
Zákolany;566
Zichovec;159
Zlonice;2246
Zvoleněves;899
Želenice;195
Žilina;823
Žižice;677
Barchovice;241
Bečváry;1031
Bělušice;305
Břežany I;319
Břežany II;837
Býchory;610
Cerhenice;1700
Církvice;153
Červené Pečky;1812
Český Brod;7046
Dobřichov;753
Dolní Chvatliny;485
Dománovice;118
Doubravčice;790
Drahobudice;250
Grunta;83
Horní Kruty;522
Hradešín;506
Choťovice;200
Chotutice;500
Chrášťany;738
Jestřabí Lhota;520
Kbel;216
Klášterní Skalice;126
Klučov;1041
Kolín;31690
Konárovice;940
Kořenice;642
Kouřim;1885
Krakovany;845
Krupá;391
Krychnov;106
Křečhoř;483
Kšely;233
Libenice;319
Libodřice;306
Lipec;187
Lošany;320
Malotice;337
Masojedy;88
Mrzky;165
Nebovidy;708
Němčice;371
Nová Ves I;1247
Ohaře;293
Ovčáry;873
Pašinka;349
Pečky;4769
Plaňany;1885
Pňov-Předhradí;568
Polepy;636
Polní Chrčice;174
Polní Voděrady;186
Poříčany;1555
Přehvozdí;286
Přistoupim;450
Přišimasy;814
Radim;1231
Radovesnice I;375
Radovesnice II;483
Ratboř;580
Ratenice;623
Rostoklaty;528
Skvrňov;217
Starý Kolín;1631
Svojšice;561
Tatce;650
Tismice;547
Toušice;335
Třebovle;515
Tři Dvory;964
Tuchoraz;527
Tuklaty;1007
Týnec nad Labem;2063
Uhlířská Lhota;362
Veletov;257
Velim;2220
Velký Osek;2386
Veltruby;1420
Vitice;1103
Volárna;504
Vrátkov;274
Vrbčany;395
Zalešany;103
Zásmuky;1965
Žabonosy;246
Ždánice;356
Žehuň;445
Žiželice;1728
Adamov;123
Bernardov;192
Bílé Podolí;623
Bludov;24
Bohdaneč;428
Brambory;112
Bratčice;376
Církvice;1331
Čáslav;10326
Čejkovice;31
Černíny;385
Červené Janovice;652
Čestín;420
Dobrovítov;107
Dolní Pohleď;91
Drobovice;406
Hlízov;593
Horka I;406
Horka II;396
Horky;405
Horušice;172
Hostovlice;250
Hraběšín;107
Chabeřice;249
Chlístovice;751
Chotusice;736
Kácov;812
Kluky;504
Kobylnice;204
Košice;57
Krchleby;393
Křesetice;682
Kutná Hora;20580
Ledečko;173
Malešov;1022
Miskovice;1077
Močovice;400
Nepoměřice;210
Nové Dvory;863
Okřesaneč;191
Onomyšl;314
Opatovice I;127
Paběnice;187
Pertoltice;150
Petrovice I;284
Petrovice II;120
Podveky;213
Potěhy;641
Rašovice;372
Rataje nad Sázavou;508
Rohozec;305
Řendějov;244
Samopše;162
Semtěš;265
Schořov;80
Slavošov;142
Soběšín;155
Souňov;139
Staňkovice;284
Starkoč;133
Sudějov;85
Suchdol;1120
Svatý Mikuláš;877
Šebestěnice;90
Štipoklasy;148
Třebešice;280
Třebětín;101
Třebonín;130
Tupadly;663
Uhlířské Janovice;3126
Úmonín;511
Úžice;652
Vavřinec;538
Vidice;235
Vinaře;246
Vlačice;255
Vlastějovice;450
Vlkaneč;611
Vodranty;89
Vrdy;2952
Záboří nad Labem;834
Zbizuby;464
Zbraslavice;1373
Zbýšov;623
Zruč nad Sázavou;4750
Žáky;355
Žehušice;789
Žleby;1338
Býkev;463
Byšice;1356
Cítov;1238
Čakovičky;743
Čečelice;654
Dobřeň;180
Dolany nad Vltavou;918
Dolní Beřkovice;1503
Dolní Zimoř;95
Dřínov;495
Horní Počaply;1264
Hořín;799
Hostín;309
Hostín u Vojkovic;325
Chlumín;500
Chorušice;543
Chvatěruby;551
Jeviněves;225
Kadlín;151
Kanina;92
Kly;1542
Kojetice;796
Kokořín;366
Kostelec nad Labem;4281
Kozomín;450
Kralupy nad Vltavou;18194
Ledčice;641
Lhotka;295
Liběchov;1083
Libiš;2210
Liblice;490
Lobeč;145
Lužec nad Vltavou;1443
Malý Újezd;1094
Medonosy;147
Mělnické Vtelno;993
Mělník;19486
Mšeno;1431
Nebužely;438
Nedomice;309
Nelahozeves;2067
Neratovice;16163
Nosálov;188
Nová Ves;1096
Obříství;1487
Olovnice;540
Ovčáry;508
Postřižín;1286
Řepín;684
Spomyšl;499
Stránka;197
Střemy;433
Tišice;2377
Tuhaň;760
Tupadly;139
Újezdec;139
Úžice;919
Velký Borek;1132
Veltrusy;2131
Vidim;128
Vojkovice;827
Vraňany;901
Všestudy;358
Všetaty;2272
Vysoká;911
Zálezlice;389
Zlončice;569
Zlosyň;495
Želízy;519
Bakov nad Jizerou;5156
Bělá pod Bezdězem;4786
Benátky nad Jizerou;7418
Bezno;970
Bílá Hlína;113
Bítouchov;377
Boreč;258
Boseň;486
Bradlec;1354
Branžež;233
Brodce;1060
Březina;399
Březno;1027
Březovice;348
Bukovno;739
Ctiměřice;142
Čachovice;896
Čistá;783
Dalovice;253
Dlouhá Lhota;451
Dobrovice;3394
Dobšín;274
Dolní Bousov;2761
Dolní Krupá;247
Dolní Slivno;332
Dolní Stakory;296
Domousnice;260
Doubravička;151
Horky nad Jizerou;567
Horní Bukovina;245
Horní Slivno;294
Hrdlořezy;704
Hrušov;222
Husí Lhota;160
Charvatce;295
Chocnějovice;427
Chotětov;1153
Chudíř;209
Jabkenice;441
Jivina;475
Jizerní Vtelno;335
Josefův Důl;452
Katusice;824
Klášter Hradiště nad Jizerou;991
Kluky;76
Kněžmost;2125
Kobylnice;156
Kochánky;463
Kolomuty;389
Koryta;86
Kosmonosy;5093
Kosořice;503
Košátky;217
Kováň;150
Kovanec;115
Krásná Ves;199
Krnsko;571
Kropáčova Vrutice;919
Ledce;373
Lhotky;152
Lipník;359
Loukov;167
Loukovec;339
Luštěnice;2203
Mečeříž;531
Mladá Boleslav;44489
Mnichovo Hradiště;8729
Mohelnice nad Jizerou;95
Mukařov;199
Němčice;191
Nemyslovice;148
Nepřevázka;429
Neveklovice;64
Niměřice;299
Nová Telib;270
Nová Ves u Bakova;289
Obrubce;208
Obruby;253
Pěčice;191
Pětikozly;75
Petkovy;306
Písková Lhota;892
Plazy;482
Plužná;229
Prodašice;93
Předměřice nad Jizerou;835
Přepeře;126
Ptýrov;300
Rabakov;56
Rohatsko;265
Rokytá;286
Rokytovec;140
Řepov;720
Řitonice;88
Sedlec;248
Semčice;764
Sezemice;123
Skalsko;413
Skorkov;622
Smilovice;711
Sojovice;554
Sovínky;331
Strašnov;265
Strážiště;124
Strenice;185
Sudoměř;98
Sukorady;372
Tuřice;339
Ujkovice;101
Velké Všelisy;376
Veselice;130
Vinařice;326
Vinec;290
Vlkava;428
Vrátno;171
Všejany;685
Zdětín;602
Žďár;1417
Žerčice;403
Židněves;367
Běrunice;836
Bobnice;858
Bříství;382
Budiměřice;659
Černíky;139
Čilec;231
Činěves;509
Dlouhopolsko;226
Dobšice;241
Dvory;552
Dymokury;888
Hořany;150
Hořátev;822
Hradčany;263
Hradištko;624
Hrubý Jeseník;556
Chleby;433
Choťánky;439
Chotěšice;323
Chrást;535
Chroustov;211
Jíkev;328
Jiřice;239
Jizbice;379
Kamenné Zboží;555
Kněžice;503
Kněžičky;168
Kolaje;88
Kostelní Lhota;849
Kostomlátky;313
Kostomlaty nad Labem;1858
Košík;352
Kounice;1450
Kouty;328
Kovanice;847
Krchleby;729
Křečkov;387
Křinec;1286
Libice nad Cidlinou;1292
Loučeň;1355
Lysá nad Labem;9717
Mcely;381
Městec Králové;2877
Milčice;321
Milovice;11834
Netřebice;228
Nový Dvůr;75
Nymburk;15063
Odřepsy;319
Okřínek;190
Opočnice;453
Opolany;873
Oseček;164
Oskořínek;559
Ostrá;571
Pátek;724
Písková Lhota;465
Písty;412
Poděbrady;14186
Podmoky;195
Přerov nad Labem;1192
Rožďalovice;1629
Sadská;3234
Sány;523
Seletice;208
Semice;1336
Senice;198
Sloveč;501
Sokoleč;1018
Stará Lysá;785
Starý Vestec;168
Straky;543
Stratov;619
Třebestovice;912
Úmyslovice;312
Velenice;199
Velenka;312
Vestec;322
Vlkov pod Oškobrhem;76
Vrbice;178
Vrbová Lhota;521
Všechlapy;781
Vykáň;397
Záhornice;421
Zbožíčko;229
Zvěřínek;284
Žitovlice;185
Babice;1194
Bašť;2696
Borek;320
Bořanovice;860
Brandýs nad Labem-Stará Boleslav;19136
Brázdim;678
Březí;566
Čelákovice;12260
Černé Voděrady;345
Čestlice;685
Dobročovice;318
Dobřejovice;1191
Doubek;483
Dřevčice;822
Dřísy;1121
Herink;740
Hlavenec;400
Horoušany;1476
Hovorčovice;2460
Hrusice;840
Husinec;1481
Jenštejn;1247
Jevany;788
Jirny;2867
Kaliště;302
Kamenice;4565
Káraný;774
Klecany;3589
Klíčany;443
Klokočná;267
Konětopy;318
Konojedy;272
Kostelec nad Černými lesy;3723
Kostelec u Křížků;720
Kostelní Hlavno;507
Kozojedy;916
Křenek;276
Křenice;829
Křížkový Újezdec;242
Kunice;1583
Květnice;1660
Lázně Toušeň;1409
Lhota;480
Líbeznice;2879
Louňovice;1113
Máslovice;368
Měšice;1950
Mirošovice;1379
Mnichovice;3861
Modletice;574
Mochov;1356
Mratín;1345
Mukařov;2577
Nehvizdy;3398
Nová Ves;1345
Nový Vestec;448
Nučice;383
Nupaky;1778
Odolena Voda;6022
Oleška;974
Ondřejov;1723
Oplany;110
Panenské Břežany;609
Pětihosty;234
Petříkov;569
Podolanka;535
Polerady;303
Popovičky;412
Prusice;81
Předboj;1095
Přezletice;1733
Radějovice;466
Radonice;1017
Říčany;15619
Sedlec;369
Senohraby;1222
Sibřina;896
Sluhy;678
Sluštice;541
Strančice;2469
Struhařov;862
Stříbrná Skalice;1387
Sudovo Hlavno;489
Sulice;1971
Svémyslice;498
Světice;1245
Svojetice;1077
Šestajovice;3833
Škvorec;1800
Štíhlice;186
Tehov;994
Tehovec;621
Úvaly;6744
Veleň;1529
Veliká Ves;352
Velké Popovice;2890
Větrušice;635
Vlkančice;193
Vodochody;641
Všestary;893
Vyšehořovice;639
Výžerky;172
Vyžlovka;680
Zápy;868
Záryby;1010
Zdiby;3664
Zeleneč;3190
Zlatá;338
Zlonín;725
Zvánovice;539
Bojanovice;475
Bratřínov;198
Březová-Oleško;1198
Buš;343
Černolice;477
Černošice;7170
Červený Újezd;1393
Číčovice;304
Čisovice;1089
Davle;1698
Dobrovíz;548
Dobříč;340
Dobřichovice;3675
Dolní Břežany;4104
Drahelčice;1045
Holubice;1980
Horoměřice;4285
Hostivice;8546
Hradištko;2186
Hvozdnice;516
Choteč;366
Chrášťany;962
Chýně;3390
Chýnice;397
Jeneč;1275
Jesenice;9448
Jílové u Prahy;4770
Jíloviště;639
Jinočany;1952
Kamenný Přívoz;1413
Karlík;547
Klínec;728
Kněževes;614
Kosoř;893
Kytín;540
Lety;1565
Libčice nad Vltavou;3383
Libeř;1444
Lichoceves;406
Líšnice;745
Měchenice;858
Mníšek pod Brdy;5832
Nučice;2240
Ohrobec;1366
Okoř;110
Okrouhlo;704
Ořech;995
Petrov;698
Pohoří;357
Průhonice;2853
Psáry;3974
Ptice;884
Roblín;231
Roztoky;8529
Rudná;5137
Řevnice;3498
Řitka;1277
Slapy;851
Statenice;1506
Středokluky;1144
Svrkyně;300
Štěchovice;2002
Tachlovice;895
Trnová;457
Třebotov;1466
Tuchoměřice;1507
Tursko;823
Úholičky;790
Úhonice;1124
Únětice;782
Velké Přílepy;3448
Vestec;2675
Vonoklasy;556
Vrané nad Vltavou;2600
Všenory;1658
Zahořany;298
Zbuzany;1304
Zlatníky-Hodkovice;1328
Zvole;1900
Bezděkov pod Třemšínem;140
Bohostice;193
Bohutín;1820
Borotice;378
Bratkovice;308
Březnice;3523
Buková u Příbramě;375
Bukovany;93
Cetyně;157
Čenkov;391
Čím;340
Daleké Dušníky;410
Dlouhá Lhota;429
Dobříš;8983
Dolní Hbity;865
Drahenice;152
Drahlín;549
Drásov;424
Drevníky;325
Drhovy;264
Dubenec;372
Dublovice;1087
Dubno;318
Háje;467
Hluboš;622
Hlubyně;151
Horčápsko;95
Hřiměždice;398
Hudčice;253
Hvožďany;788
Chotilsko;499
Chrást;205
Chraštice;251
Jablonná;402
Jesenice;551
Jince;2292
Kamýk nad Vltavou;931
Klučenice;442
Kňovice;329
Korkyně;138
Kosova Hora;1338
Kotenčice;205
Koupě;118
Kozárovice;387
Krásná Hora nad Vltavou;1107
Křepenice;191
Křešín;136
Láz;617
Lazsko;211
Lešetice;188
Lhota u Příbramě;477
Malá Hraštice;1026
Milešov;317
Milín;2165
Modřovice;85
Mokrovraty;794
Nalžovice;604
Narysov;273
Nečín;768
Nedrahovice;454
Nechvalice;659
Nepomuk;198
Nestrašovice;60
Nová Ves pod Pleší;1202
Nové Dvory;261
Nový Knín;2039
Občov;177
Obecnice;1261
Obory;259
Obořiště;663
Ohrazenice;291
Osečany;257
Ostrov;133
Ouběnice;247
Pečice;366
Petrovice;1356
Pičín;662
Počaply;103
Počepice;543
Podlesí;1086
Prosenická Lhota;487
Příbram;32642
Příčovy;332
Radětice;189
Radíč;211
Rosovice;813
Rožmitál pod Třemšínem;4375
Rybníky;435
Sádek;223
Sedlčany;7080
Sedlec-Prčice;2854
Sedlice;266
Smolotely;242
Solenice;386
Stará Huť;1450
Starosedlský Hrádek;137
Suchodol;375
Svaté Pole;478
Svatý Jan;667
Svojšice;105
Štětkovice;348
Těchařovice;53
Tochovice;674
Trhové Dušníky;430
Třebsko;275
Tušovice;111
Velká Lečice;164
Věšín;697
Višňová;671
Volenice;383
Voznice;639
Vrančice;153
Vranovice;311
Vševily;135
Vysoká u Příbramě;341
Vysoký Chlumec;829
Zalužany;312
Zbenice;133
Zduchovice;301
Županovice;77
Bdín;67
Branov;198
Břežany;132
Čistá;868
Děkov;225
Drahouš;81
Hořesedly;427
Hořovičky;493
Hracholusky;77
Hřebečníky;246
Hředle;599
Hvozd;172
Chrášťany;677
Janov;139
Jesenice;1719
Kalivody;104
Karlova Ves;132
Kněževes;1039
Kolešov;163
Kolešovice;824
Kounov;574
Kozojedy;102
Krakov;144
Krakovec;77
Kroučová;273
Krty;115
Krupá;439
Krušovice;620
Křivoklát;679
Lašovice;119
Lišany;655
Lubná;1012
Lužná;1899
Malinová;95
Městečko;441
Milostín;300
Milý;185
Mšec;916
Mšecké Žehrovice;644
Mutějovice;808
Nesuchyně;413
Nezabudice;89
Nové Strašecí;5517
Nový Dům;150
Olešná;589
Oráčov;375
Panoší Újezd;283
Pavlíkov;1049
Petrovice;274
Pochvalov;265
Přerubenice;71
Příčina;207
Přílepy;209
Pšovlky;314
Pustověty;138
Račice;164
Rakovník;15846
Roztoky;1084
Ruda;751
Rynholec;999
Řeřichy;88
Řevničov;1328
Senec;263
Senomaty;1233
Skryje;161
Slabce;739
Smilovice;73
Srbeč;304
Svojetín;346
Sýkořice;532
Šanov;551
Šípy;164
Švihov;54
Třeboc;153
Třtice;493
Václavy;65
Velká Buková;269
Velká Chmelištná;66
Všesulov;133
Všetaty;305
Zavidov;311
Zbečno;559
Žďár;109
Adamov;962
Bečice;101
Borek;1599
Borovany;4173
Borovnice;132
Boršov nad Vltavou;1919
Bošilec;202
Branišov;241
Břehov;159
Čakov;292
Čejkovice;380
Čenkov u Bechyně;59
České Budějovice;94014
Čížkrajice;259
Dasný;331
Dívčice;549
Dobrá Voda u Českých Budějovic;2675
Dobšice;120
Dolní Bukovsko;1739
Doubravice;299
Doudleby;485
Drahotěšice;332
Dražíč;237
Dříteň;1687
Dubičné;407
Dubné;1577
Dynín;318
Habří;98
Hartmanice;185
Heřmaň;190
Hlavatce;154
Hlincová Hora;429
Hluboká nad Vltavou;5410
Homole;1583
Horní Kněžeklady;109
Horní Stropnice;1475
Hosín;879
Hosty;160
Hradce;96
Hranice;204
Hrdějovice;1566
Hůry;579
Hvozdec;129
Chotýčany;239
Chrášťany;719
Jankov;386
Jílovice;1010
Jivno;351
Kamenná;291
Kamenný Újezd;2393
Komařice;339
Kvítkovice;125
Ledenice;2471
Libín;403
Libníč;518
Lipí;646
Lišov;4405
Litvínovice;2526
Ločenice;711
Mazelov;204
Mladošovice;411
Modrá Hůrka;85
Mokrý Lom;106
Mydlovary;304
Nákří;222
Nedabyle;372
Neplachov;352
Nová Ves;739
Nové Hrady;2524
Olešnice;836
Olešník;798
Ostrolovský Újezd;177
Petříkov;288
Pištín;655
Planá;255
Plav;423
Radošovice;180
Roudné;1263
Rudolfov;2544
Římov;918
Sedlec;513
Slavče;687
Srubec;2650
Staré Hodějovice;1257
Strážkovice;492
Strýčice;64
Střížov;221
Svatý Jan nad Malší;571
Ševětín;1405
Štěpánovice;898
Temelín;845
Trhové Sviny;5154
Týn nad Vltavou;8000
Úsilné;490
Včelná;2154
Vidov;580
Vitín;459
Vlkov;41
Vrábče;780
Vráto;427
Všemyslice;1109
Záboří;368
Zahájí;471
Závraty;45
Zliv;3569
Zvíkov;260
Žabovřesky;422
Žár;349
Žimutice;621
Benešov nad Černou;1454
Besednice;810
Bohdalovice;293
Boletice;0
Brloh;1058
Bujanov;563
Černá v Pošumaví;849
Český Krumlov;13085
Dolní Dvořiště;1315
Dolní Třebonín;1343
Frymburk;1275
Holubov;1085
Horní Dvořiště;475
Horní Planá;2088
Hořice na Šumavě;828
Chlumec;105
Chvalšiny;1254
Kájov;1819
Kaplice;7164
Křemže;2901
Lipno nad Vltavou;653
Loučovice;1612
Malonty;1390
Malšín;177
Mirkovice;458
Mojné;253
Netřebice;464
Nová Ves;418
Omlenice;557
Pohorská Ves;237
Polná na Šumavě;206
Přední Výtoň;228
Přídolí;712
Přísečná;203
Rožmberk nad Vltavou;364
Rožmitál na Šumavě;449
Soběnov;371
Srnín;321
Střítež;419
Světlík;237
Velešín;3899
Větřní;3882
Věžovatá Pláně;156
Vyšší Brod;2621
Zlatá Koruna;797
Zubčice;426
Zvíkov;107
Báňovice;104
Bednárec;116
Bednáreček;181
Blažejov;454
Bořetín;104
Březina;127
Budeč;204
Budíškovice;692
Cep;196
Cizkrajov;542
Červený Hrádek;210
České Velenice;3521
Český Rudolec;923
Číměř;721
Člunek;472
Dačice;7325
Dešná;610
Deštná;749
Dívčí Kopy;72
Dobrohošť;43
Dolní Pěna;386
Dolní Žďár;152
Domanín;395
Doňov;83
Drunče;46
Dunajovice;221
Dvory nad Lužnicí;331
Frahelž;147
Hadravova Rosička;60
Halámky;194
Hamr;363
Hatín;200
Heřmaneč;87
Horní Meziříčko;116
Horní Němčice;82
Horní Pěna;602
Horní Radouň;240
Horní Skrýchov;168
Horní Slatina;134
Hospříz;426
Hrachoviště;78
Hříšice;336
Chlum u Třeboně;1959
Jarošov nad Nežárkou;1103
Jilem;123
Jindřichův Hradec;21445
Kačlehy;97
Kamenný Malíkov;65
Kardašova Řečice;2199
Klec;165
Kostelní Radouň;294
Kostelní Vydří;160
Kunžak;1476
Lásenice;554
Lodhéřov;654
Lomnice nad Lužnicí;1778
Lužnice;417
Majdalena;507
Nová Bystřice;3281
Nová Olešná;134
Nová Včelnice;2254
Nová Ves nad Lužnicí;338
Novosedly nad Nežárkou;659
Okrouhlá Radouň;197
Peč;472
Písečné;506
Pístina;126
Plavsko;450
Pleše;184
Pluhův Žďár;610
Polště;116
Ponědraž;117
Ponědrážka;78
Popelín;501
Příbraz;261
Rapšach;635
Ratiboř;176
Rodvínov;596
Roseč;230
Rosička;62
Slavonice;2386
Smržov;119
Staňkov;199
Staré Hobzí;520
Staré Město pod Landštejnem;466
Stráž nad Nežárkou;862
Strmilov;1425
Stříbřec;449
Střížovice;565
Studená;2295
Suchdol nad Lužnicí;3522
Světce;131
Třebětice;326
Třeboň;8253
Újezdec;72
Velký Ratmírov;220
Vícemil;79
Višňová;80
Vlčetínec;46
Volfířov;723
Vydří;110
Záblatí;79
Záhoří;114
Zahrádky;261
Žďár;98
Županovice;61
Albrechtice nad Vltavou;921
Bernartice;1308
Borovany;220
Boudy;188
Božetice;367
Branice;290
Cerhonice;146
Čimelice;959
Čížová;1234
Dobev;913
Dolní Novosedly;227
Drhovle;556
Heřmaň;275
Horosedly;143
Hrazany;282
Hrejkovice;478
Chyšky;1072
Jetětice;288
Jickovice;133
Kestřany;703
Kluky;625
Kostelec nad Vltavou;392
Kovářov;1444
Kožlí;54
Králova Lhota;206
Křenovice;167
Křižanov;102
Kučeř;184
Květov;120
Lety;272
Milevsko;8277
Minice;34
Mirotice;1222
Mirovice;1614
Mišovice;253
Myslín;99
Nerestce;105
Nevězice;138
Okrouhlá;64
Olešná;124
Orlík nad Vltavou;280
Osek;144
Oslov;337
Ostrovec;365
Paseky;180
Písek;30351
Podolí I;373
Probulov;68
Protivín;4830
Přeborov;143
Předotice;566
Přeštěnice;282
Putim;534
Rakovice;215
Ražice;396
Sepekov;1336
Skály;280
Slabčice;364
Smetanova Lhota;283
Stehlovice;98
Tálín;165
Temešvár;127
Varvažov;186
Veselíčko;218
Vlastec;220
Vlksice;144
Vojníkov;83
Vráž;310
Vrcovice;176
Záhoří;794
Zbelítov;346
Zběšičky;151
Zhoř;304
Zvíkovské Podhradí;207
Žďár;253
Babice;135
Bohumilice;321
Bohunice;48
Borová Lada;282
Bošice;333
Budkov;92
Buk;285
Bušanovice;265
Čkyně;1624
Drslavice;94
Dub;393
Dvory;94
Horní Vltavice;370
Hracholusky;479
Husinec;1451
Chlumany;340
Chroboly;552
Chvalovice;160
Kratušín;49
Křišťanov;98
Ktiš;507
Kubova Huť;95
Kvilda;139
Lažiště;304
Lčovice;148
Lenora;734
Lhenice;2074
Lipovice;200
Lužice;40
Mahouš;161
Malovice;650
Mičovice;360
Nebahovy;579
Němčice;198
Netolice;2587
Nicov;91
Nová Pec;445
Nové Hutě;90
Olšovice;60
Pěčnov;146
Prachatice;10874
Radhostice;140
Stachy;1150
Stožec;201
Strážný;449
Strunkovice nad Blanicí;1264
Svatá Maří;599
Šumavské Hoštice;422
Těšovice;311
Tvrzice;121
Újezdec;88
Vacov;1468
Vimperk;7399
Vitějovice;517
Vlachovo Březí;1713
Volary;3780
Vrbice;67
Záblatí;341
Zábrdí;69
Zálezly;313
Zbytiny;318
Zdíkov;1750
Žárovná;119
Želnava;111
Žernovice;314
Bavorov;1572
Bělčice;981
Bezdědovice;359
Bílsko;199
Blatná;6583
Bratronice;50
Březí;69
Budyně;44
Buzice;177
Cehnice;495
Čečelovice;196
Čejetice;915
Čepřovice;201
Čestice;901
Číčenice;464
Doubravice;277
Drahonice;357
Drachkov;198
Drážov;240
Droužetice;135
Dřešín;324
Hajany;130
Hájek;38
Hlupín;95
Horní Poříčí;304
Hornosín;74
Hoslovice;164
Hoštice;152
Chelčice;418
Chlum;202
Chobot;47
Chrášťovice;263
Jinín;213
Kadov;369
Kalenice;84
Katovice;1358
Kladruby;148
Kocelovice;147
Krajníčko;100
Kraselov;221
Krašlovice;163
Krejnice;77
Krty-Hradec;133
Kuřimany;38
Kváskovice;110
Lažánky;105
Lažany;54
Libějovice;467
Libětice;89
Litochovice;281
Lnáře;714
Lom;120
Mačkov;293
Malenice;689
Mečichov;279
Měkynec;55
Milejovice;78
Miloňovice;273
Mnichov;225
Mutěnice;258
Myštice;290
Nebřehovice;152
Němčice;104
Němětice;112
Nihošovice;300
Nišovice;231
Nová Ves;93
Novosedly;351
Osek;648
Paračov;112
Pivkovice;82
Pohorovice;76
Pracejovice;324
Předmíř;332
Přední Zborovice;87
Předslavice;258
Přechovice;117
Přešťovice;451
Radějovice;44
Radomyšl;1341
Radošovice;655
Rovná;220
Řepice;459
Sedlice;1252
Skály;67
Skočice;228
Slaník;147
Sousedovice;304
Stožice;356
Strakonice;22754
Strašice;190
Strunkovice nad Volyňkou;128
Střelské Hoštice;892
Škvořetice;316
Štěchovice;220
Štěkeň;852
Tchořovice;242
Truskovice;200
Třebohostice;319
Třešovice;79
Úlehle;97
Únice;60
Uzenice;112
Uzeničky;122
Vacovice;51
Velká Turná;159
Vodňany;6953
Volenice;554
Volyně;3023
Záboří;325
Zahorčice;62
Zvotoky;70
Balkova Lhota;138
Bečice;76
Bechyně;5097
Běleč;202
Borkovice;233
Borotín;679
Bradáčov;46
Březnice;217
Budislav;376
Černýšovice;81
Dírná;397
Dlouhá Lhota;160
Dobronice u Bechyně;106
Dolní Hořice;838
Dolní Hrachovice;129
Drahov;160
Dráchov;240
Dražice;824
Dražičky;153
Drhovice;218
Haškovcova Lhota;71
Hlasivo;152
Hlavatce;380
Hodětín;98
Hodonice;131
Chotěmice;111
Chotoviny;1775
Choustník;498
Chrbonín;152
Chýnov;2480
Jedlany;78
Jistebnice;2013
Katov;76
Klenovice;644
Komárov;124
Košice;775
Košín;91
Krátošice;103
Krtov;163
Libějice;123
Lom;176
Malšice;1826
Mažice;123
Meziříčí;168
Mezná;99
Mladá Vožice;2704
Mlýny;133
Myslkovice;399
Nadějkov;720
Nasavrky;102
Nemyšl;309
Nová Ves u Chýnova;326
Nová Ves u Mladé Vožice;185
Oldřichov;235
Opařany;1399
Planá nad Lužnicí;4132
Pohnánec;51
Pohnání;80
Pojbuky;108
Přehořov;353
Psárov;107
Radenín;497
Radětice;224
Radimovice u Tábora;65
Radimovice u Želče;381
Radkov;167
Rataje;196
Ratibořské Hory;751
Rodná;96
Roudná;550
Řemíčov;84
Řepeč;272
Řípec;318
Sedlečko u Soběslavě;145
Sezimovo Ústí;7257
Skalice;482
Skopytce;167
Skrýchov u Malšic;144
Slapsko;147
Slapy;488
Smilovy Hory;367
Soběslav;6968
Stádlec;570
Sudoměřice u Bechyně;762
Sudoměřice u Tábora;289
Sviny;331
Svrabov;56
Šebířov;333
Tábor;34456
Třebějice;66
Tučapy;786
Turovec;275
Ústrašice;390
Val;253
Vesce;285
Veselí nad Lužnicí;6367
Vilice;134
Vlastiboř;323
Vlčeves;94
Vlkov;163
Vodice;150
Zadní Střítež;34
Záhoří;63
Zálší;249
Zhoř u Mladé Vožice;104
Zhoř u Tábora;163
Zlukov;273
Zvěrotice;393
Želeč;979
Žíšov;247
Babylon;313
Bělá nad Radbuzou;1745
Blížejov;1535
Brnířov;406
Bukovec;116
Čečovice;102
Čermná;254
Černovice;153
Česká Kubice;964
Díly;387
Domažlice;11150
Drahotín;197
Draženov;428
Hlohová;277
Hlohovčice;169
Holýšov;5191
Hora Svatého Václava;65
Horní Kamenice;257
Horšovský Týn;5006
Hostouň;1325
Hradiště;168
Hvožďany;36
Chocomyšl;115
Chodov;773
Chodská Lhota;413
Chrastavice;392
Kanice;202
Kaničky;29
Kdyně;5169
Klenčí pod Čerchovem;1335
Koloveč;971
Kout na Šumavě;1135
Křenovy;144
Kvíčovice;394
Libkov;114
Loučim;127
Luženičky;392
Meclov;1188
Mezholezy;112
Mezholezy;119
Milavče;607
Mířkov;295
Mnichov;211
Močerady;61
Mrákov;1130
Mutěnín;267
Nemanice;258
Němčice;140
Neuměř;149
Nevolice;184
Nová Ves;137
Nový Kramolín;223
Osvračín;608
Otov;102
Pařezov;190
Pasečnice;208
Pec;237
Pelechy;78
Poběžovice;1574
Pocinovice;592
Poděvousy;238
Postřekov;1132
Puclice;356
Rybník;188
Semněvice;232
Spáňov;199
Srbice;388
Srby;469
Staňkov;3317
Stráž;222
Štichov;85
Tlumačov;427
Trhanov;541
Úboč;124
Újezd;430
Únějovice;113
Úsilov;134
Velký Malahov;246
Vidice;174
Vlkanov;126
Všekary;105
Všepadly;42
Všeruby;802
Zahořany;1035
Ždánov;158
Běhařov;221
Běšiny;809
Bezděkov;926
Biřkov;135
Bolešiny;772
Břežany;185
Budětice;286
Bukovník;70
Čachrov;502
Černíkov;353
Červené Poříčí;235
Číhaň;210
Čímice;189
Dešenice;698
Dlažov;482
Dlouhá Ves;848
Dobršín;106
Dolany;922
Domoraz;54
Dražovice;157
Frymburk;112
Hamry;123
Hartmanice;974
Hejná;164
Hlavňovice;487
Hnačov;95
Horažďovice;5310
Horská Kvilda;67
Hrádek;1385
Hradešice;427
Chanovice;707
Chlistov;135
Chudenice;781
Chudenín;625
Janovice nad Úhlavou;2270
Javor;69
Ježovy;240
Kašperské Hory;1449
Kejnice;103
Klatovy;22233
Klenová;112
Kolinec;1455
Kovčín;83
Křenice;203
Kvášňovice;126
Lomec;133
Malý Bor;512
Maňovice;49
Měčín;1145
Mezihoří;63
Mlýnské Struhadlo;53
Modrava;75
Mochtín;1068
Mokrosuky;125
Myslív;426
Myslovice;133
Nalžovské Hory;1172
Nehodiv;78
Nezamyslice;214
Nezdice na Šumavě;325
Nýrsko;4920
Obytce;203
Olšany;209
Ostřetice;72
Pačejov;739
Petrovice u Sušice;633
Plánice;1653
Podmokly;148
Poleň;282
Prášily;156
Předslav;791
Rabí;503
Rejštejn;255
Slatina;107
Soběšice;384
Srní;226
Strašín;314
Strážov;1417
Sušice;11110
Svéradice;318
Švihov;1678
Tužice;95
Týnec;350
Újezd u Plánice;124
Velhartice;834
Velké Hydčice;244
Velký Bor;554
Vrhaveč;870
Vřeskovice;311
Zavlekov;412
Zborovy;104
Železná Ruda;1631
Žihobce;575
Žichovice;648
Dýšina;1854
Chrást;1903
Chválenice;741
Kyšice;992
Letkov;705
Lhůta;189
Losiná;1342
Mokrouše;270
Nezbavětice;238
Nezvěstice;1468
Plzeň;172441
Starý Plzenec;5105
Šťáhlavy;2733
Štěnovický Borek;594
Tymákov;1024
Blovice;4140
Bolkov;53
Borovno;92
Borovy;234
Buková;231
Čižice;542
Čížkov;654
Čmelíny;128
Dnešice;847
Dobřany;6154
Dolce;296
Dolní Lukavice;980
Drahkov;129
Honezovice;255
Horní Lukavice;447
Horšice;433
Hradec;549
Hradiště;218
Chlum;234
Chlumčany;2382
Chlumy;204
Chocenice;585
Chotěšov;2884
Jarov;218
Kasejovice;1292
Kbel;298
Klášter;215
Kotovice;310
Kozlovice;88
Kramolín;118
Letiny;689
Lisov;120
Líšina;167
Louňová;102
Lužany;668
Měcholupy;218
Merklín;1191
Mileč;383
Milínov;201
Míšov;120
Mladý Smolivec;710
Mohelnice;61
Nebílovy;353
Nekvasovy;177
Nepomuk;3732
Netunice;196
Neurazy;871
Nezdice;215
Nezdřev;102
Nová Ves;288
Nové Mitrovice;333
Oplot;311
Oselce;351
Otěšice;143
Polánka;45
Prádlo;258
Předenice;234
Přestavlky;231
Přeštice;7114
Příchovice;1080
Ptenín;199
Radkovice;96
Roupov;256
Řenče;937
Seč;306
Sedliště;105
Skašov;212
Soběkury;597
Spálené Poříčí;2820
Srby;165
Stod;3589
Střelice;141
Střížovice;389
Štěnovice;2094
Tojice;96
Třebčice;118
Týniště;45
Únětice;144
Útušice;678
Ves Touškov;362
Vlčí;71
Vlčtejn;89
Vrčeň;339
Vstiš;517
Zdemyslice;632
Zemětice;284
Žákava;479
Ždírec;455
Žinkovy;870
Životice;45
Bdeněves;697
Bezvěrov;651
Bílov;82
Blatnice;882
Blažim;56
Bohy;127
Brodeslavy;67
Bučí;168
Čeminy;264
Černíkovice;78
Čerňovice;206
Česká Bříza;562
Dobříč;425
Dolany;289
Dolní Bělá;437
Dolní Hradiště;57
Dražeň;145
Druztová;785
Heřmanova Huť;1794
Hlince;77
Hněvnice;125
Holovousy;60
Horní Bělá;566
Horní Bříza;4213
Hromnice;1235
Hvozd;251
Chotíkov;1199
Chříč;214
Jarov;142
Kaceřov;143
Kaznějov;3075
Kbelany;104
Kočín;131
Kopidlo;146
Koryta;131
Kozojedy;585
Kozolupy;1093
Kožlany;1451
Kralovice;3504
Krašovice;368
Krsy;245
Křelovice;236
Kunějovice;163
Ledce;839
Líně;2709
Líšťany;752
Líté;194
Lochousice;118
Loza;262
Manětín;1142
Město Touškov;2187
Mladotice;545
Mrtník;335
Myslinka;201
Nadryby;125
Nečtiny;632
Nekmíř;511
Nevřeň;294
Nýřany;6975
Obora;562
Ostrov u Bezdružic;209
Pastuchovice;77
Pernarec;755
Pláně;267
Plasy;2715
Plešnice;293
Pňovany;427
Potvorov;136
Přehýšov;470
Příšov;320
Rochlov;301
Rybnice;553
Sedlec;94
Slatina;61
Studená;36
Štichovice;112
Tatiná;248
Tis u Blatna;108
Tlučná;3272
Trnová;930
Třemošná;5031
Úherce;372
Újezd nade Mží;103
Úlice;495
Úněšov;568
Úterý;470
Vejprnice;4240
Velečín;64
Vochov;1041
Všehrdy;54
Všeruby;1493
Výrov;449
Vysoká Libyně;223
Zahrádka;145
Zbůch;2501
Zruč-Senec;3287
Žihle;1320
Žilov;426
Bezděkov;141
Břasy;2293
Březina;361
Bujesily;65
Bušovice;603
Cekov;134
Čilá;19
Dobřív;1290
Drahoňův Újezd;123
Ejpovice;675
Hlohovice;319
Holoubkov;1477
Hrádek;2831
Hradiště;36
Hůrky;232
Cheznovice;730
Chlum;43
Chomle;62
Kakejcov;97
Kamenec;67
Kamenný Újezd;837
Kařez;681
Kařízek;50
Klabava;463
Kladruby;161
Kornatice;187
Lhota pod Radčem;317
Lhotka u Radnic;57
Liblín;269
Líšná;192
Litohlavy;521
Medový Újezd;252
Mešno;85
Mirošov;2263
Mlečice;298
Mýto;1538
Němčovice;171
Nevid;175
Osek;1394
Ostrovec-Lhotka;106
Plískov;126
Podmokly;252
Příkosice;422
Přívětice;204
Radnice;1832
Raková;241
Rokycany;14192
Sebečice;68
Sirá;132
Skomelno;214
Skořice;263
Smědčice;288
Strašice;2558
Svojkovice;426
Štítov;59
Těně;276
Terešov;182
Těškov;311
Trokavec;107
Týček;213
Újezd u Svatého Kříže;243
Vejvanov;244
Veselá;286
Vísky;55
Volduchy;1183
Všenice;268
Zbiroh;2500
Zvíkovec;206
Benešovice;209
Bezdružice;951
Bor;4306
Brod nad Tichou;257
Broumov;142
Cebiv;281
Ctiboř;319
Částkov;361
Černošín;1150
Dlouhý Újezd;394
Erpužice;337
Halže;941
Horní Kozolupy;257
Hošťka;445
Chodová Planá;1853
Chodský Újezd;776
Kladruby;1618
Kočov;205
Kokašice;256
Konstantinovy Lázně;919
Kostelec;592
Kšice;224
Lesná;465
Lestkov;392
Lom u Tachova;456
Milíře;253
Obora;149
Olbramov;57
Ošelín;167
Planá;5413
Prostiboř;142
Přimda;1584
Rozvadov;735
Skapce;112
Staré Sedliště;1254
Staré Sedlo;246
Stráž;1164
Stříbro;7680
Studánka;525
Sulislav;235
Svojšín;438
Sytno;324
Tachov;12802
Tisová;474
Trpísty;258
Třemešné;376
Únehle;136
Vranov;175
Zadní Chodov;250
Záchlumí;387
Zhoř;145
Aš;13210
Dolní Žandov;1240
Drmoul;1011
Františkovy Lázně;5514
Hazlov;1540
Hranice;2129
Cheb;31988
Krásná;579
Křižovatka;274
Lázně Kynžvart;1474
Libá;766
Lipová;744
Luby;2146
Mariánské Lázně;12800
Milhostov;328
Milíkov;283
Mnichov;390
Nebanice;339
Nový Kostel;490
Odrava;257
Okrouhlá;252
Ovesné Kladruby;123
Plesná;1935
Podhradí;197
Pomezí nad Ohří;293
Poustka;160
Prameny;106
Skalná;1999
Stará Voda;487
Teplá;2946
Trstěnice;381
Třebeň;398
Tři Sekery;948
Tuřany;149
Valy;478
Velká Hleďsebe;2330
Velký Luh;167
Vlkovice;116
Vojtanov;235
Zádub-Závišín;338
Abertamy;975
Andělská Hora;372
Bečov nad Teplou;934
Bochov;1980
Boží Dar;253
Božičany;636
Bražec;220
Březová;529
Černava;305
Čichalov;171
Dalovice;2000
Děpoltovice;374
Doupovské Hradiště;159
Hájek;623
Horní Blatná;412
Hory;281
Hradiště;0
Hroznětín;2041
Chodov;114
Chyše;579
Jáchymov;2511
Jenišov;1079
Karlovy Vary;48501
Kolová;763
Krásné Údolí;400
Krásný Les;329
Kyselka;792
Merklín;962
Mírová;336
Nejdek;7807
Nová Role;4161
Nové Hamry;339
Ostrov;16731
Otovice;916
Otročín;454
Pernink;621
Pila;535
Potůčky;450
Pšov;587
Sadov;1269
Smolné Pece;206
Stanovice;630
Stráž nad Ohří;613
Stružná;573
Šemnice;673
Štědrá;550
Teplička;119
Toužim;3705
Útvina;578
Valeč;357
Velichov;549
Verušičky;473
Vojkovice;619
Vrbice;191
Vysoká Pec;372
Žlutice;2305
Březová;2725
Bublava;404
Bukovany;1528
Citice;922
Dasnice;276
Dolní Nivy;350
Dolní Rychnov;1318
Habartov;4846
Horní Slavkov;5414
Chlum Svaté Maří;273
Chodov;13394
Jindřichovice;491
Josefov;384
Kaceřov;436
Krajková;962
Královské Poříčí;785
Kraslice;6749
Krásno;709
Kynšperk nad Ohří;4789
Libavské Údolí;543
Loket;3055
Lomnice;1336
Nová Ves;177
Nové Sedlo;2599
Oloví;1672
Přebuz;73
Rotava;2999
Rovná;318
Sokolov;23241
Staré Sedlo;828
Stříbrná;463
Svatava;1663
Šabina;317
Šindelová;302
Tatrovice;182
Těšovice;249
Vintířov;1187
Vřesová;383
Arnoltice;415
Benešov nad Ploučnicí;3716
Bynovec;339
Česká Kamenice;5247
Děčín;48809
Dobkovice;652
Dobrná;436
Dolní Habartice;603
Dolní Podluží;1202
Dolní Poustevna;1732
Doubice;112
Františkov nad Ploučnicí;384
Heřmanov;500
Horní Habartice;405
Horní Podluží;820
Hřensko;288
Huntířov;809
Chřibská;1349
Janov;360
Janská;203
Jetřichovice;398
Jílové;5147
Jiřetín pod Jedlovou;672
Jiříkov;3640
Kámen;242
Krásná Lípa;3453
Kunratice;252
Kytlice;491
Labská Stráň;219
Lipová;574
Lobendava;268
Ludvíkovice;933
Malá Veleň;445
Malšovice;885
Markvartice;701
Merboltice;206
Mikulášovice;2189
Rumburk;11082
Růžová;549
Rybniště;665
Srbská Kamenice;268
Staré Křečany;1260
Starý Šachov;211
Šluknov;5615
Těchlovice;519
Valkeřice;393
Varnsdorf;15297
Velká Bukovina;507
Velký Šenov;1982
Verneřice;1158
Veselé;341
Vilémov;888
Bílence;240
Blatno;557
Boleboř;271
Březno;1395
Černovice;586
Domašín;184
Droužkovice;819
Hora Svatého Šebestiána;318
Hrušovany;544
Chbany;639
Chomutov;48720
Jirkov;19299
Kadaň;18202
Kalek;242
Klášterec nad Ohří;14533
Kovářská;1008
Kryštofovy Hamry;123
Křimov;417
Libědice;248
Loučná pod Klínovcem;111
Málkov;906
Mašťov;570
Měděnec;139
Místo;440
Nezabylice;235
Okounov;369
Otvice;663
Perštejn;1145
Pesvice;147
Pětipsy;201
Račetice;407
Radonice;1163
Rokle;327
Spořice;1522
Strupčice;974
Údlice;1249
Vejprty;2871
Veliká Ves;304
Vilémov;567
Vrskmaň;312
Všehrdy;158
Všestudy;195
Výsluní;373
Vysoká Pec;1058
Bechlín;1266
Bohušovice nad Ohří;2505
Brňany;439
Brozany nad Ohří;1365
Brzánky;83
Bříza;454
Budyně nad Ohří;2175
Býčkovice;298
Ctiněves;336
Černěves;220
Černiv;149
Černouček;294
Čížkovice;1447
Děčany;390
Dlažkovice;122
Dobříň;565
Doksany;414
Dolánky nad Ohří;276
Drahobuz;276
Dušníky;440
Evaň;285
Hlinná;266
Horní Beřkovice;930
Horní Řepčice;99
Hoštka;1749
Hrobce;659
Chodouny;667
Chodovlice;158
Chotěšov;468
Chotiměř;294
Chotiněves;207
Chudoslavice;164
Jenčice;333
Kamýk;175
Keblice;371
Klapý;482
Kleneč;546
Kostomlaty pod Řípem;440
Krabčice;894
Křesín;339
Křešice;1405
Kyškovice;278
Levín;125
Lhotka nad Labem;409
Liběšice;1530
Libkovice pod Řípem;560
Libochovany;580
Libochovice;3496
Libotenice;426
Litoměřice;24001
Lkáň;205
Lovečkovice;563
Lovosice;8837
Lukavec;356
Malé Žernoseky;719
Malíč;190
Martiněves;801
Michalovice;151
Miřejovice;236
Mlékojedy;226
Mnetěš;572
Mšené-lázně;1790
Nové Dvory;394
Oleško;90
Píšťany;200
Ploskovice;458
Podsedice;662
Polepy;1357
Prackovice nad Labem;626
Přestavlky;296
Račice;343
Račiněves;611
Radovesice;498
Rochov;116
Roudnice nad Labem;12967
Sedlec;210
Siřejovice;267
Slatina;270
Snědovice;771
Staňkovice;38
Straškov-Vodochody;1070
Sulejovice;789
Štětí;8685
Terezín;2924
Travčice;595
Trnovany;412
Třebenice;1982
Třebívlice;855
Třebušín;549
Úpohlavy;251
Úštěk;2901
Vědomice;922
Velemín;1612
Velké Žernoseky;489
Vchynice;304
Vlastislav;174
Vražkov;421
Vrbice;539
Vrbičany;300
Vrutice;315
Záluží;187
Žabovřesky nad Ohří;266
Žalhostice;513
Židovice;394
Žitenice;1536
Bitozeves;447
Blatno;509
Blažim;265
Blšany;999
Blšany u Loun;346
Brodec;76
Břvany;322
Cítoliby;1094
Čeradice;310
Černčice;1347
Deštnice;195
Dobroměřice;1391
Domoušice;636
Holedeč;601
Hříškov;411
Hřivice;634
Chlumčany;571
Chožov;547
Chraberce;123
Jimlín;872
Koštice;590
Kozly;134
Krásný Dvůr;680
Kryry;2345
Lenešice;1432
Libčeves;969
Liběšice;742
Libočany;545
Libořice;349
Lipno;506
Lišany;166
Líšťany;447
Louny;18351
Lubenec;1360
Měcholupy;998
Nepomyšl;395
Nová Ves;123
Nové Sedlo;562
Obora;429
Očihov;367
Opočno;113
Panenský Týnec;434
Peruc;2292
Petrohrad;647
Pnětluky;339
Počedělice;302
Podbořanský Rohozec;152
Podbořany;6368
Postoloprty;4716
Raná;258
Ročov;584
Slavětín;572
Smolnice;416
Staňkovice;972
Toužetín;280
Tuchořice;674
Úherce;81
Velemyšleves;335
Veltěže;425
Vinařice;239
Vrbno nad Lesy;183
Vroutek;1846
Vršovice;246
Výškov;515
Zálužice;96
Zbrašín;380
Žatec;19133
Želkovice;90
Žerotín;204
Žiželice;408
Bečov;1445
Bělušice;219
Braňany;1292
Brandov;247
Český Jiřetín;92
Havraň;702
Hora Svaté Kateřiny;453
Horní Jiřetín;2241
Klíny;143
Korozluky;203
Lišnice;202
Litvínov;23884
Lom;3700
Louka u Litvínova;709
Lužice;703
Malé Březno;211
Mariánské Radčice;469
Meziboří;4810
Most;66186
Nová Ves v Horách;466
Obrnice;2130
Patokryje;456
Polerady;245
Skršín;244
Volevčice;111
Želenice;486
Bílina;17166
Bořislav;385
Bystřany;1899
Bžany;886
Dubí;7870
Duchcov;8517
Háj u Duchcova;1248
Hostomice;1243
Hrob;1998
Hrobčice;1380
Jeníkov;856
Kladruby;392
Kostomlaty pod Milešovkou;931
Košťany;3166
Krupka;12624
Lahošť;671
Ledvice;544
Lukov;123
Měrunice;303
Mikulov;249
Modlany;1057
Moldava;192
Novosedlice;2152
Ohníč;733
Osek;4757
Proboštov;2688
Rtyně nad Bílinou;790
Srbice;438
Světec;1050
Teplice;49575
Újezdeček;887
Zabrušany;1143
Žalany;509
Žim;188
Dolní Zálezly;576
Habrovany;217
Homole u Panny;370
Chabařovice;2518
Chlumec;4380
Chuderov;1071
Libouchec;1835
Malé Březno;520
Malečov;817
Petrovice;883
Povrly;2199
Přestanov;423
Ryjice;185
Řehlovice;1435
Stebno;492
Tašov;151
Telnice;726
Tisá;943
Trmice;3332
Ústí nad Labem;92952
Velké Březno;2275
Velké Chvojno;868
Zubrnice;239
Bezděz;353
Blatce;111
Blíževedly;626
Bohatice;215
Brniště;1339
Cvikov;4484
Česká Lípa;37444
Doksy;5206
Dubá;1723
Dubnice;644
Hamr na Jezeře;435
Holany;519
Horní Libchava;743
Horní Police;678
Chlum;247
Chotovice;174
Jestřebí;828
Kamenický Šenov;3919
Kozly;159
Kravaře;780
Krompach;168
Kunratice u Cvikova;608
Kvítkov;221
Luka;86
Mařenice;315
Mimoň;6434
Noviny pod Ralskem;311
Nový Bor;11678
Nový Oldřichov;772
Okna;307
Okrouhlá;559
Pertoltice pod Ralskem;399
Polevsko;419
Provodín;753
Prysk;441
Radvanec;228
Ralsko;2117
Skalice u České Lípy;1516
Skalka u Doks;161
Sloup v Čechách;738
Slunečná;133
Sosnová;710
Stráž pod Ralskem;3977
Stružnice;994
Stvolínky;330
Svojkov;254
Svor;663
Tachov;206
Tuhaň;275
Velenice;175
Velký Valtinov;193
Volfartice;696
Vrchovany;107
Zahrádky;689
Zákupy;2850
Žandov;1895
Ždírec;130
Albrechtice v Jizerských horách;353
Bedřichov;365
Dalešice;192
Desná;3086
Držkov;592
Frýdštejn;840
Jablonec nad Nisou;45802
Janov nad Nisou;1456
Jenišovice;1188
Jílové u Držkova;215
Jiřetín pod Bukovou;467
Josefův Důl;900
Koberovy;1036
Kořenov;936
Líšný;257
Loužnice;245
Lučany nad Nisou;1859
Malá Skála;1185
Maršovice;603
Nová Ves nad Nisou;817
Pěnčín;1986
Plavy;1045
Pulečný;448
Radčice;175
Rádlo;903
Rychnov u Jablonce nad Nisou;2749
Skuhrov;587
Smržovka;3751
Tanvald;6252
Velké Hamry;2650
Vlastiboř;116
Zásada;904
Zlatá Olešnice;499
Železný Brod;6069
Bílá;948
Bílý Kostel nad Nisou;1017
Bílý Potok;688
Bulovka;933
Cetenov;117
Černousy;324
Český Dub;2752
Čtveřín;534
Dětřichov;714
Dlouhý Most;895
Dolní Řasnice;531
Frýdlant;7531
Habartice;507
Hejnice;2721
Heřmanice;264
Hlavice;233
Hodkovice nad Mohelkou;2944
Horní Řasnice;227
Hrádek nad Nisou;7722
Chotyně;1019
Chrastava;6281
Jablonné v Podještědí;3622
Janovice v Podještědí;92
Janův Důl;164
Jeřmanice;537
Jindřichovice pod Smrkem;655
Kobyly;359
Krásný Les;462
Kryštofovo Údolí;363
Křižany;851
Kunratice;368
Lázně Libverda;424
Lažany;222
Liberec;104445
Mníšek;1571
Nová Ves;861
Nové Město pod Smrkem;3674
Oldřichov v Hájích;761
Osečná;1116
Paceřice;339
Pěnčín;693
Pertoltice;291
Proseč pod Ještědem;395
Příšovice;1335
Radimovice;296
Raspenava;2851
Rynoltice;784
Soběslavice;173
Stráž nad Nisou;2370
Světlá pod Ještědem;950
Svijanský Újezd;447
Svijany;329
Sychrov;219
Šimonovice;1243
Višňová;1331
Vlastibořice;338
Všelibice;554
Zdislava;271
Žďárek;153
Bělá;269
Benecko;1078
Benešov u Semil;863
Bozkov;585
Bradlecká Lhota;236
Bukovina u Čisté;214
Bystrá nad Jizerou;111
Čistá u Horek;571
Háje nad Jizerou;690
Harrachov;1421
Holenice;90
Horka u Staré Paky;249
Horní Branná;1900
Hrubá Skála;606
Chuchelna;996
Jablonec nad Jizerou;1645
Jesenný;471
Jestřabí v Krkonoších;243
Jilemnice;5391
Kacanovy;212
Karlovice;768
Klokočí;199
Košťálov;1653
Kruh;483
Ktová;195
Levínská Olešnice;364
Libštát;962
Lomnice nad Popelkou;5541
Loučky;168
Martinice v Krkonoších;611
Mírová pod Kozákovem;1752
Modřišice;442
Mříčná;578
Nová Ves nad Popelkou;653
Ohrazenice;1092
Olešnice;190
Paseky nad Jizerou;249
Peřimov;269
Poniklá;1112
Přepeře;929
Příkrý;244
Radostná pod Kozákovem;440
Rakousy;94
Rokytnice nad Jizerou;2640
Roprachtice;277
Rovensko pod Troskami;1277
Roztoky u Jilemnice;1069
Roztoky u Semil;118
Semily;8367
Slaná;683
Stružinec;709
Studenec;1923
Svojek;178
Syřenov;216
Tatobity;562
Troskovice;93
Turnov;14334
Veselá;228
Víchová nad Jizerou;952
Vítkovice;386
Všeň;609
Vyskeř;408
Vysoké nad Jizerou;1290
Záhoří;497
Žernov;237
Babice;191
Barchov;310
Běleč nad Orlicí;349
Benátky;123
Blešno;434
Boharyně;573
Černilov;2393
Černožice;1142
Čistěves;178
Divec;236
Dobřenice;574
Dohalice;472
Dolní Přím;688
Habřina;298
Hlušice;740
Hněvčeves;163
Holohlavy;940
Hořiněves;693
Hradec Králové;92742
Hrádek;186
Humburky;406
Hvozdnice;222
Chlumec nad Cidlinou;5462
Chudeřice;259
Jeníkovice;465
Jílovice;303
Káranice;214
Klamoš;384
Kobylice;264
Kosice;343
Kosičky;340
Králíky;391
Kratonohy;585
Kunčice;358
Ledce;356
Lejšovka;219
Lhota pod Libčany;954
Libčany;905
Libníkovice;167
Librantice;587
Libřice;296
Lišice;159
Lodín;413
Lochenice;598
Lovčice;702
Lužany;129
Lužec nad Cidlinou;501
Máslojedy;217
Měník;595
Mlékosrby;234
Mokrovousy;378
Myštěves;171
Mžany;423
Neděliště;359
Nechanice;2329
Nepolisy;962
Nové Město;421
Nový Bydžov;6986
Obědovice;286
Ohnišťany;328
Olešnice;374
Osice;496
Osičky;165
Petrovice;280
Písek;260
Prasek;613
Praskačka;1081
Předměřice nad Labem;1902
Převýšov;335
Pšánky;60
Puchlovice;113
Račice nad Trotinou;160
Radíkovice;183
Radostov;128
Roudnice;672
Sadová;320
Sendražice;439
Skalice;618
Skřivany;1041
Sloupno;516
Smidary;1533
Smiřice;2899
Smržov;504
Sovětice;222
Stará Voda;136
Starý Bydžov;403
Stěžery;2070
Stračov;296
Střezetice;397
Světí;328
Syrovátka;429
Šaplava;118
Těchlovice;346
Třebechovice pod Orebem;5748
Třesovice;259
Urbanice;334
Vinary;423
Vrchovnice;61
Všestary;1764
Výrava;402
Vysoká nad Labem;1660
Vysoký Újezd;84
Zachrašťany;240
Zdechovice;163
Bačalky;161
Bašnice;208
Běchary;281
Bílsko u Hořic;114
Boháňka;244
Borek;101
Brada-Rybníček;148
Březina;117
Bříšťany;252
Budčeves;159
Bukvice;160
Butoves;281
Bystřice;340
Cerekvice nad Bystřicí;790
Červená Třemešná;156
Češov;231
Dětenice;713
Dílce;58
Dobrá Voda u Hořic;576
Dolní Lochov;43
Dřevěnice;247
Holín;607
Holovousy;524
Hořice;8621
Cholenice;231
Chomutice;646
Choteč;202
Chyjice;173
Jeřice;388
Jičín;16577
Jičíněves;593
Jinolice;194
Kacákova Lhota;160
Kbelnice;217
Kněžnice;275
Konecchlumí;388
Kopidlno;2080
Kostelec;37
Kovač;137
Kozojedy;182
Kyje;57
Lázně Bělohrad;3665
Libáň;1764
Libošovice;501
Libuň;795
Lískovice;221
Lukavec u Hořic;305
Lužany;585
Markvartice;488
Miletín;912
Milovice u Hořic;294
Mladějov;503
Mlázovice;548
Nemyčeves;343
Nevratice;166
Nová Paka;9094
Ohařice;66
Ohaveč;108
Osek;233
Ostroměř;1362
Ostružno;93
Pecka;1270
Petrovičky;46
Podhorní Újezd a Vojice;647
Podhradí;454
Podůlší;259
Radim;434
Rašín;98
Rohoznice;321
Rokytňany;116
Samšina;263
Sběř;307
Sedliště;99
Sekeřice;119
Slatiny;541
Slavhostice;136
Sobčice;295
Soběraz;101
Sobotka;2371
Stará Paka;2081
Staré Hrady;185
Staré Místo;314
Staré Smrkovice;260
Střevač;282
Sukorady;213
Svatojanský Újezd;101
Šárovcova Lhota;199
Tetín;160
Třebnouševes;283
Třtěnice;342
Tuř;177
Úbislavice;443
Údrnice;288
Úhlejov;153
Újezd pod Troskami;342
Úlibice;299
Valdice;1375
Veliš;197
Vidochov;393
Vitiněves;351
Volanice;224
Vrbice;153
Vršce;224
Vřesník;88
Vysoké Veselí;865
Zámostí-Blata;125
Zelenecká Lhota;146
Železnice;1303
Žeretice;260
Židovice;124
Žlunice;240
Adršpach;506
Bezděkov nad Metují;577
Bohuslavice;1016
Borová;205
Božanov;362
Broumov;7444
Brzice;240
Bukovice;350
Černčice;488
Červená Hora;200
Červený Kostelec;8352
Česká Čermná;528
Česká Metuje;298
Česká Skalice;5078
Dolany;659
Dolní Radechová;768
Hejtmánkovice;607
Heřmanice;438
Heřmánkovice;495
Horní Radechová;504
Hořenice;141
Hořičky;566
Hronov;6125
Hynčice;191
Chvalkovice;736
Jaroměř;12433
Jasenná;750
Jestřebí;157
Jetřichov;461
Kramolna;1072
Křinice;431
Lhota pod Hořičkami;302
Libchyně;73
Litoboř;109
Machov;1096
Martínkovice;497
Mezilečí;132
Mezilesí;252
Meziměstí;2429
Nahořany;590
Náchod;19979
Nové Město nad Metují;9436
Nový Hrádek;848
Nový Ples;346
Otovice;351
Police nad Metují;4086
Provodov-Šonov;1223
Přibyslav;205
Rasošky;695
Rožnov;376
Rychnovek;643
Říkov;224
Sendraž;107
Slatina nad Úpou;298
Slavětín nad Metují;266
Slavoňov;283
Stárkov;644
Studnice;1114
Suchý Důl;418
Šestajovice;177
Šonov;306
Teplice nad Metují;1626
Velichovky;736
Velká Jesenice;738
Velké Petrovice;421
Velké Poříčí;2356
Velký Třebešov;326
Vernéřovice;315
Vestec;182
Vlkov;390
Vršovka;144
Vysoká Srbská;279
Vysokov;516
Zábrodí;577
Zaloňov;459
Žďár nad Metují;665
Žďárky;552
Žernov;275
Albrechtice nad Orlicí;1003
Bačetín;395
Bartošovice v Orlických horách;199
Bílý Újezd;686
Bohdašín;214
Bolehošť;558
Borohrádek;2079
Borovnice;396
Bystré;265
Byzhradec;220
Častolovice;1685
Čermná nad Orlicí;1016
Černíkovice;783
České Meziříčí;1928
Čestice;597
Deštné v Orlických horách;566
Dobré;873
Dobruška;6727
Dobřany;132
Doudleby nad Orlicí;1791
Hřibiny-Ledská;356
Chleny;214
Chlístov;85
Jahodov;102
Janov;116
Javornice;1050
Kostelec nad Orlicí;6201
Kostelecké Horky;147
Kounov;238
Králova Lhota;239
Krchleby;88
Kvasiny;1552
Lhoty u Potštejna;322
Libel;159
Liberk;704
Lično;652
Lípa nad Orlicí;585
Lukavice;626
Lupenice;268
Mokré;158
Nová Ves;195
Očelice;235
Ohnišov;492
Olešnice;479
Olešnice v Orlických horách;419
Opočno;3136
Orlické Záhoří;201
Osečnice;288
Pěčín;508
Podbřezí;571
Pohoří;707
Polom;141
Potštejn;988
Proruby;51
Přepychy;637
Rohenice;277
Rokytnice v Orlických horách;2022
Rybná nad Zdobnicí;418
Rychnov nad Kněžnou;10998
Říčky v Orlických horách;92
Sedloňov;214
Semechnice;432
Skuhrov nad Bělou;1110
Slatina nad Zdobnicí;874
Sněžné;135
Solnice;2188
Svídnice;162
Synkov-Slemeno;424
Trnov;739
Třebešov;280
Tutleky;349
Týniště nad Orlicí;6058
Val;302
Vamberk;4532
Voděrady;718
Vrbice;149
Záměl;632
Zdelov;252
Zdobnice;192
Žďár nad Orlicí;516
Batňovice;764
Bernartice;933
Bílá Třemešná;1347
Bílé Poličany;165
Borovnice;370
Borovnička;188
Čermná;403
Černý Důl;679
Dolní Branná;981
Dolní Brusnice;388
Dolní Dvůr;268
Dolní Kalná;692
Dolní Lánov;780
Dolní Olešnice;373
Doubravice;379
Dubenec;650
Dvůr Králové nad Labem;15594
Hajnice;1033
Havlovice;991
Horní Brusnice;429
Horní Kalná;366
Horní Maršov;973
Horní Olešnice;313
Hostinné;4361
Hřibojedy;221
Chotěvice;1067
Choustníkovo Hradiště;589
Chvaleč;674
Janské Lázně;699
Jívka;571
Klášterská Lhota;233
Kocbeře;508
Kohoutov;270
Královec;190
Kuks;269
Kunčice nad Labem;573
Lampertice;382
Lánov;1807
Lanžov;190
Libňatov;366
Libotov;187
Litíč;174
Malá Úpa;139
Malé Svatoňovice;1504
Maršov u Úpice;190
Mladé Buky;2329
Mostek;1206
Nemojov;751
Pec pod Sněžkou;657
Pilníkov;1269
Prosečné;587
Radvanice;972
Rtyně v Podkrkonoší;2997
Rudník;2176
Stanovice;55
Staré Buky;578
Strážné;226
Suchovršice;369
Svoboda nad Úpou;2062
Špindlerův Mlýn;1119
Trotina;87
Trutnov;30372
Třebihošť;448
Úpice;5661
Velké Svatoňovice;1267
Velký Vřešťov;230
Vilantice;202
Vítězná;1444
Vlčice;526
Vlčkovice v Podkrkonoší;365
Vrchlabí;12461
Zábřezí-Řečice;144
Zdobín;123
Zlatá Olešnice;200
Žacléř;3134
Běstvina;545
Biskupice;80
Bítovany;421
Bojanov;643
Bor u Skutče;139
Bořice;184
Bousov;210
Bylany;444
Ctětín;259
Čankovice;336
České Lhotice;117
Dědová;138
Dolní Bezděkov;218
Dřenice;398
Dvakačovice;170
Hamry;233
Heřmanův Městec;4835
Hlinsko;9677
Hluboká;185
Hodonín;81
Holetín;805
Honbice;161
Horka;390
Horní Bradlo;443
Hošťalovice;143
Hrochův Týnec;2021
Hroubovice;353
Chrast;3098
Chroustovice;1253
Chrudim;23151
Jeníkov;463
Jenišovice;424
Kameničky;780
Kladno;253
Klešice;404
Kněžice;147
Kočí;640
Kostelec u Heřmanova Městce;362
Krásné;147
Krouna;1416
Křižanovice;120
Lány;274
Leštinka;156
Libkov;79
Liboměřice;152
Licibořice;249
Lipovec;242
Lozice;156
Lukavice;864
Luže;2560
Míčov-Sušice;268
Miřetice;1288
Mladoňovice;351
Morašice;728
Mrákotín;346
Nabočany;130
Načešice;619
Nasavrky;1679
Orel;778
Ostrov;205
Otradov;272
Perálec;246
Podhořany u Ronova;254
Pokřikov;257
Prachovice;1434
Proseč;2084
Prosetín;824
Předhradí;421
Přestavlky;205
Rabštejnská Lhota;800
Raná;368
Ronov nad Doubravou;1686
Rosice;1391
Rozhovice;278
Řestoky;490
Seč;1720
Skuteč;5046
Slatiňany;4187
Smrček;128
Sobětuchy;975
Stolany;391
Střemošice;169
Studnice;451
Svídnice;457
Svratouch;885
Tisovec;324
Trhová Kamenice;938
Trojovice;187
Třemošnice;3065
Třibřichy;300
Tuněchody;606
Úherčice;140
Úhřetice;472
Vápenný Podol;299
Včelákov;550
Vejvanovice;313
Vítanov;444
Vojtěchov;417
Vortová;232
Vrbatův Kostelec;346
Všeradov;152
Vysočina;681
Vyžice;192
Zaječice;1062
Zájezdec;111
Zderaz;283
Žlebské Chvalovice;124
Žumberk;276
Barchov;245
Bezděkov;318
Borek;269
Brloh;221
Břehy;1044
Bukovina nad Labem;219
Bukovina u Přelouče;83
Bukovka;392
Býšť;1554
Časy;230
Čeperka;1137
Čepí;450
Černá u Bohdanče;529
Dašice;2303
Dolany;394
Dolní Roveň;2033
Dolní Ředice;963
Dříteč;492
Dubany;278
Hlavečník;287
Holice;6574
Holotín;57
Horní Jelení;2058
Horní Ředice;1027
Hrobice;210
Choltice;1141
Choteč;337
Chrtníky;105
Chvaletice;2971
Chvojenec;709
Chýšť;207
Jankovice;317
Jaroslav;245
Jedousov;173
Jeníkovice;243
Jezbořice;378
Kasalice;192
Kladruby nad Labem;640
Kojice;423
Kostěnice;550
Křičeň;276
Kunětice;328
Labské Chrčice;208
Lány u Dašic;140
Lázně Bohdaneč;3525
Libišany;582
Lipoltice;423
Litošice;141
Malé Výkleky;130
Mikulovice;1265
Mokošín;177
Morašice;80
Moravany;1868
Němčice;648
Neratov;165
Opatovice nad Labem;2585
Ostřešany;1097
Ostřetín;933
Pardubice;90688
Plch;98
Poběžovice u Holic;264
Poběžovice u Přelouče;106
Podůlšany;169
Pravy;100
Přelouč;9659
Přelovice;214
Přepychy;85
Ráby;551
Rohovládova Bělá;607
Rohoznice;265
Rokytno;895
Rybitví;1342
Řečany nad Labem;1360
Selmice;192
Semín;573
Sezemice;3945
Slepotice;428
Sopřeč;269
Sovolusky;128
Spojil;515
Srch;1658
Srnojedy;722
Staré Hradiště;1900
Staré Jesenčany;431
Staré Ždánice;677
Starý Mateřov;666
Stéblová;242
Stojice;215
Strašov;325
Svinčany;480
Svojšice;260
Tetov;170
Trnávka;229
Trusnov;216
Třebosice;243
Turkovice;287
Uhersko;291
Úhřetická Lhota;282
Újezd u Přelouče;198
Újezd u Sezemic;202
Urbanice;66
Valy;487
Vápno;128
Veliny;476
Veselí;360
Vlčí Habřina;313
Voleč;370
Vysoké Chvojno;411
Vyšehněvice;255
Zdechovice;626
Žáravice;121
Živanice;1000
Banín;318
Bělá nad Svitavou;511
Bělá u Jevíčka;359
Benátky;372
Bezděčí u Trnávky;193
Biskupice;466
Bohuňov;150
Bohuňovice;113
Borová;1017
Borušov;179
Brněnec;1274
Březina;333
Březinky;129
Březiny;141
Březová nad Svitavou;1655
Budislav;449
Bystré;1540
Cerekvice nad Loučnou;854
Čistá;983
Desná;356
Dětřichov;324
Dětřichov u Moravské Třebové;194
Dlouhá Loučka;556
Dolní Újezd;1936
Gruna;211
Hartinkov;55
Hartmanice;284
Horky;123
Horní Újezd;405
Hradec nad Svitavou;1697
Chmelík;192
Chornice;865
Chotěnov;121
Chotovice;129
Chrastavec;212
Janov;984
Janůvky;60
Jaroměřice;1173
Jarošov;188
Javorník;408
Jedlová;1027
Jevíčko;2841
Kamenec u Poličky;546
Kamenná Horka;320
Karle;402
Koclířov;706
Korouhev;811
Koruna;145
Křenov;395
Kukle;82
Kunčina;1391
Květná;426
Lavičné;117
Linhartice;629
Litomyšl;10429
Lubná;958
Makov;317
Malíkov;91
Městečko Trnávka;1406
Mikuleč;237
Mladějov na Moravě;423
Morašice;716
Moravská Třebová;10070
Nedvězí;210
Němčice;1009
Nová Sídla;219
Nová Ves u Jarošova;70
Oldřiš;655
Opatov;1146
Opatovec;692
Osík;1009
Pohledy;306
Polička;8748
Pomezí;1247
Poříčí u Litomyšle;492
Příluka;168
Pustá Kamenice;327
Pustá Rybná;159
Radiměř;1118
Radkov;122
Rohozná;654
Rozhraní;328
Rozstání;240
Rudná;163
Rychnov na Moravě;629
Řídký;65
Sádek;536
Sebranice;995
Sedliště;241
Sklené;227
Slatina;154
Sloupnice;1727
Staré Město;1010
Stašov;263
Strakov;243
Suchá Lhota;89
Svitavy;16838
Svojanov;367
Široký Důl;415
Študlov;112
Telecí;427
Trpín;428
Trstěnice;524
Tržek;160
Třebařov;913
Újezdec;108
Útěchov;328
Vendolí;959
Vidlatá Seč;287
Víska u Jevíčka;156
Vítějeves;425
Vlčkov;105
Vranová Lhota;443
Vrážné;68
Vysoká;40
Želivsko;43
Albrechtice;470
Anenská Studánka;175
Běstovice;439
Bošín;98
Brandýs nad Orlicí;1303
Bučina;260
Bystřec;1170
Cotkytle;396
Čenkovice;182
Červená Voda;3018
Česká Rybná;387
Česká Třebová;15508
České Heřmanice;578
České Libchavy;640
České Petrovice;156
Damníkov;698
Dlouhá Třebová;1303
Dlouhoňovice;844
Dobříkov;527
Dolní Čermná;1345
Dolní Dobrouč;2577
Dolní Morava;390
Džbánov;360
Hejnice;199
Helvíkovice;498
Hnátnice;828
Horní Čermná;1023
Horní Heřmanice;461
Horní Třešňovec;622
Hrádek;96
Hrušová;362
Choceň;8646
Jablonné nad Orlicí;3189
Jamné nad Orlicí;699
Javorník;254
Jehnědí;335
Kameničná;326
Klášterec nad Orlicí;895
Koldín;362
Kosořín;169
Králíky;4196
Krasíkov;312
Kunvald;960
Lanškroun;9991
Leština;309
Letohrad;6402
Libecina;168
Libchavy;1758
Lichkov;520
Líšnice;761
Lubník;354
Lukavice;1146
Luková;735
Mistrovice;595
Mladkov;525
Mostek;251
Nasavrky;135
Nekoř;937
Nové Hrady;305
Orlické Podhůří;685
Orličky;290
Ostrov;684
Oucmanice;246
Pastviny;369
Petrovice;253
Písečná;572
Plchovice;65
Podlesí;281
Přívrat;341
Pustina;62
Radhošť;167
Rudoltice;1915
Rybník;823
Řepníky;386
Řetová;698
Řetůvka;285
Sázava;563
Seč;158
Semanín;631
Skořenice;404
Slatina;452
Sobkovice;233
Sopotnice;925
Sruby;584
Stradouň;183
Strážná;109
Studené;179
Sudislav nad Orlicí;132
Sudslava;193
Svatý Jiří;293
Šedivec;202
Tatenice;875
Těchonín;584
Tisová;560
Trpík;84
Třebovice;785
Týnišťko;162
Újezd u Chocně;323
Ústí nad Orlicí;14196
Velká Skrovnice;282
Verměřovice;749
Vinary;130
Voděrady;341
Vraclav;773
Vračovice-Orlov;173
Výprachtice;956
Vysoké Mýto;12335
Zádolí;90
Záchlumí;766
Zálší;229
Zámrsk;730
Zářecká Lhota;216
Žamberk;6104
Žampach;283
Žichlínek;1005
Bačkov;123
Bartoušov;156
Bělá;220
Bezděkov;247
Bojiště;269
Boňkov;77
Borek;123
Břevnice;151
Čachotín;173
Čečkovice;84
Česká Bělá;1057
Číhošť;334
Dlouhá Ves;452
Dolní Krupá;426
Dolní Město;906
Dolní Sokolovec;88
Druhanov;157
Golčův Jeníkov;2673
Habry;1317
Havlíčkova Borová;967
Havlíčkův Brod;23256
Herálec;1112
Heřmanice;53
Hněvkovice;595
Horní Krupá;566
Horní Paseka;71
Hradec;243
Hurtova Lhota;244
Chotěboř;9250
Chrtníč;117
Chřenovice;145
Jedlá;84
Jeřišno;265
Jilem;125
Jitkov;242
Kámen;383
Kamenná Lhota;259
Klokočov;126
Knyk;440
Kochánov;169
Kojetín;157
Kouty;198
Kozlov;228
Kožlí;801
Kraborovice;96
Krásná Hora;529
Krátká Ves;138
Krucemburk;1580
Kunemil;113
Květinov;241
Kyjov;145
Kynice;95
Lány;51
Ledeč nad Sázavou;5074
Leškovice;75
Leština u Světlé;583
Libice nad Doubravou;870
Lípa;1166
Lipnice nad Sázavou;654
Lučice;633
Malčín;209
Maleč;657
Michalovice;208
Modlíkov;161
Nejepín;70
Nová Ves u Chotěboře;547
Nová Ves u Leštiny;126
Nová Ves u Světlé;558
Okrouhlice;1393
Okrouhlička;254
Olešenka;180
Olešná;360
Ostrov;155
Oudoleň;380
Ovesná Lhota;166
Pavlov;139
Podmoklany;138
Podmoky;133
Pohled;759
Pohleď;72
Prosíčka;133
Přibyslav;4012
Příseka;407
Radostín;157
Rozsochatec;497
Rušinov;183
Rybníček;63
Sázavka;332
Sedletín;284
Skorkov;86
Skryje;189
Skuhrov;277
Slavětín;121
Slavíkov;293
Slavníč;59
Sloupno;39
Služátky;161
Sobíňov;720
Stříbrné Hory;251
Světlá nad Sázavou;6566
Šlapanov;834
Štoky;1944
Tis;386
Trpišovice;175
Uhelná Příbram;508
Úhořilka;44
Úsobí;677
Vepříkov;321
Veselý Žďár;547
Věž;816
Věžnice;418
Vilémov;977
Vilémovice;258
Víska;188
Vlkanov;53
Vysoká;231
Zvěstovice;69
Ždírec;143
Ždírec nad Doubravou;3104
Žižkovo Pole;372
Arnolec;176
Batelov;2361
Bílý Kámen;283
Bítovčice;426
Bohuslavice;138
Borovná;81
Boršov;168
Brtnice;3758
Brtnička;104
Brzkov;282
Cejle;494
Cerekvička-Rosice;169
Černíč;121
Čížov;286
Dlouhá Brtnice;373
Dobronín;1869
Dobroutov;296
Dolní Cerekev;1289
Dolní Vilímeč;98
Doupě;96
Dudín;192
Dušejov;477
Dvorce;197
Dyjice;136
Hladov;172
Hodice;743
Hojkov;144
Horní Dubenky;621
Horní Myslová;93
Hostětice;133
Hrutov;103
Hubenov;134
Hybrálec;461
Jamné;575
Jersín;184
Jezdovice;253
Ježená;124
Jihlava;50845
Jihlávka;205
Jindřichovice;94
Kalhov;127
Kaliště;154
Kamenice;1956
Kamenná;190
Klatovec;76
Kněžice;1360
Knínice;195
Kostelec;910
Kostelní Myslová;62
Kozlov;474
Krahulčí;600
Krasonice;197
Lhotka;82
Luka nad Jihlavou;2901
Malý Beranov;624
Markvartice;200
Měšín;276
Milíčov;141
Mirošov;169
Mrákotín;892
Mysletice;126
Mysliboř;207
Nadějov;192
Nevcehle;236
Nová Říše;817
Olšany;76
Olší;70
Opatov;200
Ořechov;70
Otín;85
Panenská Rozsíčka;162
Panské Dubenky;123
Pavlov;431
Plandry;208
Polná;5141
Puklice;845
Radkov;246
Rančířov;430
Rantířov;459
Rohozná;423
Rozseč;170
Růžená;353
Rybné;120
Řásná;242
Řídelov;84
Sedlatice;61
Sedlejov;294
Smrčná;414
Stáj;168
Stará Říše;620
Stonařov;1090
Strachoňovice;83
Střítež;440
Suchá;259
Svojkovice;49
Šimanov;209
Švábov;74
Telč;5276
Třešť;5766
Třeštice;151
Urbanov;146
Ústí;229
Vanov;90
Vanůvek;39
Vápovice;40
Velký Beranov;1283
Větrný Jeníkov;634
Věžnice;156
Věžnička;138
Vílanec;320
Volevčice;73
Vyskytná nad Jihlavou;896
Vysoké Studnice;421
Vystrčenovice;117
Záborná;256
Zadní Vydří;48
Zbilidy;211
Zbinohy;93
Zdeňkov;53
Zhoř;460
Zvolenovice;90
Žatec;108
Ždírec;442
Arneštovice;86
Bácovice;96
Bělá;56
Bohdalín;170
Bořetice;71
Bořetín;105
Božejov;633
Bratřice;143
Budíkov;329
Buřenice;203
Bystrá;118
Cetoraz;286
Čáslavsko;113
Častrov;617
Čejov;604
Čelistná;94
Černov;128
Černovice;1733
Červená Řečice;1003
Čížkov;128
Dehtáře;119
Dobrá Voda;205
Dobrá Voda u Pacova;96
Dubovice;75
Důl;55
Eš;59
Hojanovice;102
Hojovice;75
Horní Cerekev;1822
Horní Rápotice;162
Horní Ves;305
Hořepník;626
Hořice;183
Humpolec;10894
Chýstovice;35
Chyšná;101
Jankov;41
Ježov;62
Jiřice;940
Kaliště;346
Kámen;268
Kamenice nad Lipou;3766
Kejžlice;401
Koberovice;163
Kojčice;337
Komorovice;200
Košetice;710
Krasíkovice;122
Křeč;229
Křelovice;340
Křešín;144
Leskovice;103
Lesná;68
Lhota-Vlasenice;97
Libkova Voda;258
Lidmaň;280
Litohošť;60
Lukavec;1004
Martinice u Onšova;56
Mezilesí;122
Mezná;164
Mladé Bříště;255
Mnich;388
Moraveč;203
Mysletín;123
Nová Buková;101
Nová Cerekev;1106
Nový Rychnov;1017
Obrataň;813
Olešná;570
Ondřejov;157
Onšov;234
Pacov;4758
Pavlov;131
Pelhřimov;16069
Píšť;76
Počátky;2551
Polesí;98
Pošná;245
Proseč;74
Proseč pod Křemešníkem;84
Putimov;277
Rodinov;225
Rovná;55
Rynárec;608
Řečice;138
Salačova Lhota;129
Samšín;160
Sedlice;135
Senožaty;758
Staré Bříště;70
Stojčín;117
Střítež;106
Střítež pod Křemešníkem;64
Svépravice;115
Syrov;55
Těchobuz;82
Těmice;404
Ústrašín;253
Útěchovice;65
Útěchovice pod Stražištěm;100
Útěchovičky;72
Včelnička;226
Velká Chyška;277
Velký Rybník;197
Veselá;225
Věžná;128
Vojslavice;96
Vokov;173
Vyklantice;155
Vyskytná;711
Vysoká Lhota;15
Vystrkov;284
Zachotín;236
Zajíčkov;231
Zhořec;102
Zlátenka;49
Želiv;1164
Žirov;84
Žirovnice;2921
Babice;196
Bačice;197
Bačkovice;92
Benetice;188
Biskupice-Pulkov;262
Blatnice;361
Bohušice;136
Bochovice;147
Bransouze;232
Březník;685
Budišov;1204
Budkov;366
Cidlina;83
Čáslavice;544
Častohostice;190
Čechočovice;309
Čechtín;318
Červená Lhota;188
Číhalín;204
Číchov;233
Čikov;206
Číměř;201
Dalešice;598
Dědice;124
Dešov;424
Dolní Lažany;148
Dolní Vilémovice;406
Domamil;306
Dukovany;895
Hartvíkovice;563
Heraltice;351
Hluboké;205
Hodov;303
Horní Heřmanice;141
Horní Smrčné;54
Horní Újezd;266
Horní Vilémovice;79
Hornice;69
Hrotovice;1751
Hroznatín;110
Hvězdoňovice;107
Chlístov;290
Chlum;157
Chotěbudice;95
Jakubov u Moravských Budějovic;637
Jaroměřice nad Rokytnou;4163
Jasenice;191
Jemnice;4001
Jinošov;239
Jiratice;72
Kamenná;217
Kdousov;117
Kladeruby nad Oslavou;197
Klučov;171
Kojatice;277
Kojatín;86
Kojetice;447
Komárovice;120
Koněšín;508
Kostníky;200
Kouty;389
Kozlany;147
Kožichovice;439
Krahulov;288
Kralice nad Oslavou;1013
Kramolín;123
Krhov;193
Krokočín;201
Kuroslepy;155
Láz;283
Lesná;93
Lesní Jakubov;98
Lesonice;483
Lesůňky;83
Lhánice;161
Lhotice;153
Lipník;385
Litohoř;547
Litovany;126
Lomy;125
Loukovice;107
Lovčovice;65
Lukov;388
Markvartice;276
Martínkov;259
Mastník;238
Menhartice;127
Meziříčko;89
Mikulovice;228
Mladoňovice;397
Mohelno;1339
Moravské Budějovice;7364
Myslibořice;733
Naloučany;164
Náměšť nad Oslavou;4871
Nárameč;347
Nimpšov;52
Nová Ves;241
Nové Syrovice;922
Nový Telečkov;102
Ocmanice;333
Odunec;91
Okarec;117
Okřešice;190
Okříšky;2058
Opatov;762
Oponešice;179
Ostašov;139
Pálovice;163
Petrovice;425
Petrůvky;125
Pokojovice;108
Police;341
Popůvky;78
Pozďatín;157
Přeckov;70
Předín;679
Přešovice;135
Přibyslavice;799
Příštpo;260
Pucov;169
Pyšel;462
Rácovice;116
Račice;84
Radkovice u Budče;149
Radkovice u Hrotovic;326
Radonín;78
Radošov;172
Radotice;125
Rapotice;540
Rohy;114
Rokytnice nad Rokytnou;856
Rouchovany;1179
Rudíkov;701
Římov;418
Sedlec;240
Slavětice;239
Slavičky;271
Slavíkovice;204
Smrk;267
Stařeč;1665
Stropešín;127
Střítež;540
Studenec;588
Studnice;140
Sudice;349
Svatoslav;245
Šebkovice;473
Štěměchy;300
Štěpkov;113
Trnava;728
Třebelovice;431
Třebenice;446
Třebíč;35691
Třesov;89
Valdíkov;106
Valeč;791
Vícenice;186
Vícenice u Náměště nad Oslavou;398
Vladislav;1169
Vlčatín;150
Výčapy;876
Zahrádka;141
Zárubice;115
Zašovice;118
Zvěrkovice;234
Želetava;1520
Baliny;122
Blažkov;284
Blízkov;336
Bobrová;900
Bobrůvka;240
Bohdalec;278
Bohdalov;1151
Bohuňov;258
Borovnice;190
Bory;790
Březejc;137
Březí;174
Březí nad Oslavou;283
Březské;173
Budeč;189
Bukov;193
Bystřice nad Pernštejnem;8110
Býšovec;166
Cikháj;108
Černá;297
Dalečín;643
Daňkovice;154
Dlouhé;255
Dobrá Voda;375
Dolní Heřmanice;503
Dolní Libochová;150
Dolní Rožínka;605
Fryšava pod Žákovou horou;341
Hamry nad Sázavou;1582
Herálec;1320
Heřmanov;213
Hodíškov;154
Horní Libochová;200
Horní Radslavice;87
Horní Rožínka;76
Chlumek;164
Chlumětín;205
Chlum-Korouhvice;42
Jabloňov;346
Jámy;611
Javorek;96
Jimramov;1145
Jívoví;282
Kadolec;178
Kadov;152
Karlov;109
Kněževes;149
Koroužné;264
Kotlasy;111
Kozlov;196
Krásné;113
Krásněves;289
Křídla;354
Křižánky;402
Křižanov;1855
Křoví;603
Kuklík;205
Kundratice;180
Kyjov;45
Lavičky;547
Lhotka;220
Lísek;377
Líšná;56
Malá Losenice;275
Martinice;461
Matějov;210
Měřín;1994
Meziříčko;183
Milasín;45
Milešín;81
Mirošov;143
Moravec;612
Moravecké Pavlovice;51
Netín;360
Nížkov;981
Nová Ves;161
Nová Ves u Nového Města na Moravě;653
Nové Dvory;324
Nové Město na Moravě;10098
Nové Sady;224
Nové Veselí;1326
Nový Jimramov;64
Nyklovice;165
Obyčtov;427
Ořechov;314
Oslavice;696
Oslavička;122
Osová Bítýška;920
Osové;84
Ostrov nad Oslavou;963
Otín;329
Pavlínov;259
Pavlov;342
Petráveč;259
Pikárec;333
Písečné;185
Počítky;231
Poděšín;248
Podolí;95
Pokojov;152
Polnička;817
Prosetín;377
Račice;41
Račín;127
Radenice;164
Radešín;111
Radešínská Svratka;609
Radkov;175
Radňoves;98
Radňovice;321
Radostín;157
Radostín nad Oslavou;933
Rodkov;101
Rosička;47
Rousměrov;110
Rovečné;623
Rozseč;93
Rozsochy;708
Rožná;789
Ruda;386
Rudolec;210
Řečice;466
Sázava;674
Sazomín;245
Sejřek;169
Sirákov;264
Sklené;106
Sklené nad Oslavou;232
Skorotice;132
Skřinářov;155
Sněžné;705
Spělkov;44
Strachujov;134
Stránecká Zhoř;614
Strážek;837
Střítež;104
Sulkovec;170
Světnov;472
Sviny;104
Svratka;1403
Škrdlovice;667
Štěpánov nad Svratkou;709
Tasov;677
Tři Studně;105
Ubušínek;94
Uhřínov;355
Ujčov;470
Újezd;251
Unčín;193
Vatín;329
Věcov;713
Věchnov;341
Velká Bíteš;5193
Velká Losenice;1220
Velké Janovice;124
Velké Meziříčí;11484
Velké Tresné;111
Vepřová;421
Věstín;157
Věžná;222
Vídeň;458
Vidonín;164
Vír;714
Vlachovice;132
Vlkov;285
Vojnův Městec;777
Vysoké;192
Záblatí;221
Zadní Zhořec;142
Znětínek;206
Zubří;498
Zvole;661
Ždánice;231
Žďár nad Sázavou;20847
Adamov;4517
Bedřichov;241
Benešov;658
Blansko;20572
Borotín;415
Bořitov;1317
Boskovice;11622
Brťov-Jeneč;362
Bukovina;418
Bukovinka;582
Býkovice;235
Cetkovice;761
Crhov;168
Černá Hora;2190
Černovice;377
Deštná;230
Dlouhá Lhota;129
Doubravice nad Svitavou;1388
Drnovice;1271
Habrůvka;430
Hodonín;119
Holštejn;163
Horní Poříčí;278
Horní Smržov;136
Chrudichromy;198
Jabloňany;390
Jedovnice;2802
Kněževes;166
Knínice;903
Kořenec;350
Kotvrdovice;902
Kozárov;119
Krasová;433
Krhov;157
Křetín;488
Křtěnov;217
Křtiny;836
Kulířov;168
Kunčina Ves;58
Kunice;174
Kuničky;296
Kunštát;2787
Lazinov;168
Lažany;410
Letovice;6745
Lhota Rapotina;413
Lhota u Lysic;140
Lhota u Olešnice;43
Lipovec;1154
Lipůvka;1302
Louka;68
Lubě;94
Ludíkov;336
Lysice;1913
Makov;47
Malá Lhota;149
Malá Roudka;213
Míchov;172
Milonice;171
Němčice;459
Nýrov;222
Obora;313
Okrouhlá;588
Olešnice;1672
Olomučany;1054
Ostrov u Macochy;1120
Pamětice;255
Petrov;124
Petrovice;644
Prostřední Poříčí;277
Rájec-Jestřebí;3737
Ráječko;1348
Roubanina;130
Rozseč nad Kunštátem;561
Rozsíčka;144
Rudice;953
Sebranice;625
Senetářov;572
Skalice nad Svitavou;612
Skrchov;110
Sloup;963
Spešov;650
Stvolová;163
Sudice;469
Suchý;449
Sulíkov;306
Světlá;240
Svinošice;360
Svitávka;1836
Šebetov;862
Šebrov-Kateřina;808
Šošůvka;665
Štěchov;174
Tasovice;72
Uhřice;315
Újezd u Boskovic;486
Újezd u Černé Hory;268
Úsobrno;409
Ústup;44
Valchov;451
Vanovice;536
Vavřinec;869
Vážany;231
Velenov;256
Velké Opatovice;3685
Vilémovice;335
Vísky;254
Voděrady;547
Vranová;370
Vysočany;790
Závist;145
Zbraslavec;214
Žďár;411
Žďárná;758
Žernovník;253
Žerůtky;76
Brno;380681
Babice nad Svitavou;1284
Babice u Rosic;748
Běleč;194
Bílovice nad Svitavou;3723
Biskoupky;182
Blažovice;1220
Blučina;2242
Borač;349
Borovník;102
Braníškov;195
Branišovice;593
Bratčice;708
Brumov;245
Březina;1075
Březina;323
Bukovice;76
Cvrčovice;642
Čebín;1817
Černvír;152
Česká;1008
Čučice;437
Deblín;1050
Dolní Kounice;2453
Dolní Loučky;1256
Domašov;651
Doubravník;849
Drahonín;125
Drásov;1836
Hajany;562
Heroltice;216
Hlína;295
Hluboké Dvory;87
Holasice;1191
Horní Loučky;319
Hostěnice;791
Hradčany;658
Hrušovany u Brna;3564
Hvozdec;326
Chudčice;954
Ivaň;723
Ivančice;9742
Javůrek;327
Jinačovice;755
Jiříkovice;911
Kaly;281
Kanice;1005
Katov;255
Ketkovice;594
Kobylnice;1134
Kovalovice;644
Kratochvilka;460
Křižínkov;229
Kupařovice;325
Kuřim;10997
Kuřimská Nová Ves;132
Kuřimské Jestřabí;179
Lažánky;710
Ledce;218
Lelekovice;1862
Lesní Hluboké;274
Litostrov;127
Loděnice;531
Lomnice;1428
Lomnička;539
Lubné;48
Lukovany;634
Malešovice;676
Malhostovice;967
Maršov;517
Medlov;842
Mělčany;494
Měnín;1870
Modřice;5296
Mokrá-Horákov;2770
Moravany;3070
Moravské Bránice;996
Moravské Knínice;982
Moutnice;1185
Nebovidy;786
Nedvědice;1350
Nelepeč-Žernůvka;97
Němčičky;315
Neslovice;933
Nesvačilka;323
Níhov;238
Nosislav;1375
Nová Ves;809
Nové Bránice;735
Odrovice;226
Ochoz u Brna;1437
Ochoz u Tišnova;115
Olší;326
Omice;817
Opatovice;1114
Ořechov;2748
Osiky;121
Oslavany;4693
Ostopovice;1761
Ostrovačice;699
Otmarov;361
Pasohlávky;719
Pernštejnské Jestřabí;188
Podolí;1442
Pohořelice;5051
Ponětovice;421
Popovice;353
Popůvky;1608
Pozořice;2288
Prace;960
Pravlov;604
Prštice;974
Předklášteří;1420
Přibice;1025
Příbram na Moravě;649
Přibyslavice;520
Přísnotice;878
Radostice;772
Rajhrad;3852
Rajhradice;1505
Rašov;238
Rebešovice;990
Rohozec;232
Rojetín;76
Rosice;6237
Rozdrojovice;1032
Rudka;396
Řícmanice;820
Říčany;2071
Říčky;374
Řikonín;46
Senorady;390
Sentice;636
Silůvky;852
Sivice;1098
Skalička;157
Skryje;59
Sobotovice;590
Sokolnice;2349
Stanoviště;393
Strhaře;133
Střelice;3024
Svatoslav;435
Synalov;119
Syrovice;1822
Šerkovice;320
Šlapanice;7563
Štěpánovice;521
Šumice;270
Telnice;1614
Těšany;1249
Tetčice;1155
Tišnov;9257
Tišnovská Nová Ves;88
Trboušany;381
Troskotovice;669
Troubsko;2341
Tvarožná;1322
Újezd u Brna;3368
Újezd u Rosic;289
Újezd u Tišnova;129
Unín;241
Unkovice;748
Úsuší;132
Velatice;749
Veverská Bítýška;3270
Veverské Knínice;936
Viničné Šumice;1351
Vlasatice;859
Vohančice;201
Vojkovice;1172
Vranov;819
Vranovice;2374
Vratislávka;98
Všechovice;269
Vysoké Popovice;716
Zakřany;775
Zálesná Zhoř;65
Zastávka;2554
Zbraslav;1256
Zbýšov;3784
Zhoř;71
Žabčice;1636
Žatčany;898
Žďárec;367
Želešice;1778
Železné;485
Židlochovice;3826
Bavory;400
Boleradice;906
Borkovany;840
Bořetice;1289
Brod nad Dyjí;531
Brumovice;983
Břeclav;24704
Březí;1646
Bulhary;754
Diváky;519
Dobré Pole;462
Dolní Dunajovice;1704
Dolní Věstonice;316
Drnholec;1808
Hlohovec;1314
Horní Bojanovice;666
Horní Věstonice;480
Hrušky;1608
Hustopeče;5964
Jevišovka;677
Kašnice;200
Klentnice;530
Klobouky u Brna;2453
Kobylí;2065
Kostice;1898
Krumvíř;1243
Křepice;1321
Kurdějov;421
Ladná;1224
Lanžhot;3733
Lednice;2299
Mikulov;7359
Milovice;453
Moravská Nová Ves;2598
Moravský Žižkov;1452
Morkůvky;480
Němčičky;699
Nikolčice;770
Novosedly;1206
Nový Přerov;316
Pavlov;585
Perná;788
Podivín;3011
Popice;937
Pouzdřany;763
Přítluky;813
Rakvice;2177
Sedlec;869
Starovice;916
Starovičky;858
Strachotín;798
Šakvice;1428
Šitbořice;2031
Tvrdonice;2088
Týnec;1099
Uherčice;1071
Valtice;3557
Velké Bílovice;3907
Velké Hostěrádky;495
Velké Němčice;1772
Velké Pavlovice;3119
Vrbice;1101
Zaječí;1432
Archlebov;866
Blatnice pod Svatým Antonínkem;2027
Blatnička;427
Bukovany;694
Bzenec;4361
Čejč;1254
Čejkovice;2450
Čeložnice;405
Dambořice;1409
Dolní Bojanovice;2987
Domanín;1030
Dražůvky;279
Dubňany;6349
Hodonín;24682
Hovorany;2164
Hroznová Lhota;1229
Hrubá Vrbka;636
Hýsly;408
Javorník;698
Ježov;713
Josefov;412
Karlín;227
Kelčany;243
Kněždub;1102
Kostelec;898
Kozojídky;511
Kuželov;410
Kyjov;11218
Labuty;177
Lipov;1497
Louka;960
Lovčice;820
Lužice;2939
Malá Vrbka;164
Mikulčice;1953
Milotice;1887
Moravany;724
Moravský Písek;2099
Mouchnice;301
Mutěnice;3645
Násedlovice;865
Nechvalín;351
Nenkovice;471
Nová Lhota;656
Nový Poddvorov;206
Ostrovánky;227
Petrov;1319
Prušánky;2231
Radějov;841
Ratíškovice;4040
Rohatec;3508
Skalka;153
Skoronice;540
Sobůlky;854
Starý Poddvorov;969
Stavěšice;348
Strážnice;5560
Strážovice;599
Sudoměřice;1247
Suchov;487
Svatobořice-Mistřín;3538
Syrovín;354
Šardice;2191
Tasov;559
Těmice;899
Terezín;391
Tvarožná Lhota;930
Uhřice;756
Vacenovice;2197
Velká nad Veličkou;2891
Veselí nad Moravou;11006
Věteřov;488
Vlkoš;1045
Vnorovy;3016
Vracov;4557
Vřesovice;585
Žádovice;749
Žarošice;1105
Ždánice;2481
Želetice;492
Žeravice;1019
Žeraviny;184
Bohaté Málkovice;246
Bohdalice-Pavlovice;847
Bošovice;1229
Brankovice;889
Březina;0
Bučovice;6496
Dětkovice;274
Dobročkovice;219
Dražovice;933
Drnovice;2377
Drysice;586
Habrovany;839
Heršpice;853
Hlubočany;487
Hodějice;1036
Holubice;1298
Hostěrádky-Rešov;851
Hoštice-Heroltice;619
Hrušky;771
Hvězdlice;564
Chvalkovice;245
Ivanovice na Hané;2942
Ježkovice;383
Kobeřice u Brna;722
Kojátky;303
Komořany;726
Kozlany;357
Kožušice;115
Krásensko;413
Křenovice;1936
Křižanovice;808
Křižanovice u Vyškova;136
Kučerov;498
Letonice;1396
Lovčičky;705
Luleč;946
Lysovice;280
Malínky;143
Medlovice;325
Milešovice;682
Milonice;360
Moravské Málkovice;565
Mouřínov;460
Němčany;785
Nemochovice;283
Nemojany;727
Nemotice;408
Nesovice;1083
Nevojice;411
Nížkovice;696
Nové Sady;115
Olšany;593
Orlovice;318
Otnice;1586
Podbřežice;241
Podivice;177
Podomí;430
Prusy-Boškůvky;639
Pustiměř;1802
Račice-Pístovice;1229
Radslavice;410
Rašovice;690
Rostěnice-Zvonovice;522
Rousínov;5673
Ruprechtov;594
Rybníček;278
Slavkov u Brna;6694
Snovídky;334
Studnice;488
Šaratice;1046
Švábenice;1019
Topolany;358
Tučapy;590
Uhřice;262
Vážany;461
Vážany nad Litavou;725
Velešovice;1265
Vyškov;20883
Zbýšov;680
Zelená Hora;290
Bantice;289
Běhařovice;371
Bezkov;214
Bítov;143
Blanné;82
Blížkovice;1166
Bohutice;630
Bojanovice;198
Borotice;429
Boskovštejn;153
Božice;1546
Břežany;824
Citonice;596
Ctidružice;306
Čejkovice;219
Čermákovice;90
Černín;146
Damnice;341
Dobelice;264
Dobřínsko;394
Dobšice;2446
Dolenice;143
Dolní Dubňany;487
Dyjákovice;872
Dyjákovičky;544
Dyje;477
Džbánice;148
Grešlové Mýto;216
Havraníky;333
Hevlín;1437
Hluboké Mašůvky;829
Hnanice;371
Hodonice;1815
Horní Břečkov;252
Horní Dubňany;295
Horní Dunajovice;626
Horní Kounice;304
Hostěradice;1541
Hostim;420
Hrabětice;889
Hrádek;930
Hrušovany nad Jevišovkou;3330
Chvalatice;103
Chvalovice;652
Jamolice;433
Jaroslavice;1266
Jevišovice;1168
Jezeřany-Maršovice;790
Jiřice u Miroslavi;471
Jiřice u Moravských Budějovic;54
Kadov;142
Korolupy;156
Kravsko;567
Krhovice;558
Křepice;103
Křídlůvky;245
Kubšice;153
Kuchařovice;935
Kyjovice;153
Lančov;220
Lechovice;562
Lesná;248
Lesonice;237
Litobratřice;468
Lubnice;62
Lukov;261
Mackovice;366
Mašovice;518
Medlice;168
Mikulovice;649
Milíčovice;205
Miroslav;2945
Miroslavské Knínice;326
Morašice;231
Moravský Krumlov;5729
Našiměřice;211
Němčičky;84
Nový Šaldorf-Sedlešovice;1558
Olbramkostel;530
Olbramovice;1143
Oleksovice;669
Onšov;73
Oslnovice;81
Pavlice;482
Petrovice;369
Plaveč;459
Plenkovice;372
Podhradí nad Dyjí;55
Podmolí;168
Podmyče;102
Práče;814
Pravice;348
Prokopov;93
Prosiměřice;856
Přeskače;100
Rešice;342
Rozkoš;173
Rudlice;97
Rybníky;441
Skalice;512
Slatina;243
Slup;491
Stálky;121
Starý Petřín;229
Stošíkovice na Louce;284
Strachotice;1043
Střelice;153
Suchohrdly;1369
Suchohrdly u Miroslavi;487
Šafov;153
Šanov;1506
Šatov;1125
Štítary;618
Šumná;637
Tasovice;1366
Tavíkovice;590
Těšetice;594
Trnové Pole;121
Trstěnice;554
Tulešice;198
Tvořihráz;417
Uherčice;384
Újezd;79
Únanov;1287
Valtrovice;420
Vedrovice;840
Velký Karlov;386
Vémyslice;698
Vevčice;71
Višňové;1074
Vítonice;251
Vracovice;192
Vranov nad Dyjí;828
Vranovská Ves;301
Vratěnín;307
Vrbovec;1157
Výrovice;176
Vysočany;92
Zálesí;169
Zblovice;44
Znojmo;33780
Želetice;266
Žerotice;357
Žerůtky;264
Bělá pod Pradědem;1790
Bernartice;882
Bílá Voda;307
Černá Voda;532
Česká Ves;2416
Hradec-Nová Ves;410
Javorník;2768
Jeseník;11192
Kobylá nad Vidnavkou;365
Lipová-lázně;2173
Mikulovice;2525
Ostružná;156
Písečná;978
Skorošice;722
Stará Červená Voda;624
Supíkovice;666
Uhelná;487
Vápenná;1319
Velká Kraš;734
Velké Kunětice;559
Vidnava;1282
Vlčice;400
Zlaté Hory;3796
Žulová;1247
Babice;449
Bělkovice-Lašťany;2306
Bílá Lhota;1137
Bílsko;228
Blatec;642
Bohuňovice;2532
Bouzov;1500
Bukovany;676
Bystročice;816
Bystrovany;1033
Červenka;1430
Daskabát;606
Dlouhá Loučka;1971
Dolany;2772
Doloplazy;1336
Domašov nad Bystřicí;488
Domašov u Šternberka;337
Drahanovice;1684
Dub nad Moravou;1637
Dubčany;245
Grygov;1533
Haňovice;452
Hlásnice;229
Hlubočky;4221
Hlušovice;930
Hněvotín;1834
Hnojice;637
Horka nad Moravou;2488
Horní Loděnice;343
Hraničné Petrovice;146
Huzová;579
Charváty;873
Cholina;741
Jívová;591
Komárov;207
Kozlov;223
Kožušany-Tážaly;869
Krčmaň;469
Křelov-Břuchotín;1746
Libavá;0
Liboš;638
Lipina;175
Lipinka;192
Litovel;9810
Loučany;658
Loučka;208
Luběnice;474
Luká;867
Lutín;3273
Lužice;396
Majetín;1187
Medlov;1580
Měrotín;268
Město Libavá;598
Mladeč;758
Mladějovice;718
Moravský Beroun;2957
Mrsklesy;684
Mutkov;49
Náklo;1515
Náměšť na Hané;2053
Norberčany;259
Nová Hradečná;790
Olbramice;219
Olomouc;100523
Paseka;1294
Pňovice;975
Přáslavice;1429
Příkazy;1315
Řídeč;192
Samotišky;1360
Senice na Hané;1795
Senička;347
Skrbeň;1184
Slatinice;1616
Slavětín;206
Strukov;146
Střeň;604
Suchonice;178
Svésedlice;198
Štarnov;766
Štěpánov;3506
Šternberk;13495
Šumvald;1656
Těšetice;1282
Tovéř;603
Troubelice;1890
Tršice;1664
Újezd;1441
Uničov;11396
Ústín;432
Velká Bystřice;3384
Velký Týnec;2922
Velký Újezd;1364
Věrovany;1382
Vilémov;429
Želechovice;239
Žerotín;464
Alojzov;243
Bedihošť;1077
Bílovice-Lutotín;516
Biskupice;297
Bohuslavice;444
Bousín;134
Brodek u Konice;800
Brodek u Prostějova;1518
Březsko;215
Budětsko;412
Buková;295
Čehovice;524
Čechy pod Kosířem;1038
Čelčice;512
Čelechovice na Hané;1327
Dětkovice;531
Dobrochov;343
Dobromilice;819
Doloplazy;532
Drahany;525
Držovice;1425
Dřevnovice;477
Dzbel;245
Hačky;101
Hluchov;347
Horní Štěpánov;893
Hradčany-Kobeřice;414
Hrdibořice;207
Hrubčice;793
Hruška;257
Hvozd;624
Ivaň;485
Jesenec;287
Kladky;354
Klenovice na Hané;885
Klopotovice;265
Konice;2784
Kostelec na Hané;2951
Koválovice-Osíčany;280
Kralice na Hané;1689
Krumsín;574
Laškov;584
Lešany;392
Lipová;718
Ludmírov;555
Malé Hradisko;362
Mořice;532
Mostkovice;1570
Myslejovice;668
Němčice nad Hanou;1999
Nezamyslice;1472
Niva;333
Obědkovice;286
Ohrozim;462
Ochoz;195
Olšany u Prostějova;1775
Ondratice;346
Otaslavice;1288
Otinoves;275
Pavlovice u Kojetína;269
Pěnčín;757
Pivín;728
Plumlov;2304
Polomí;152
Prostějov;43680
Prostějovičky;304
Protivanov;1014
Přemyslovice;1271
Ptení;1091
Raková u Konice;199
Rakůvka;94
Rozstání;611
Seloutky;527
Skalka;253
Skřípov;337
Slatinky;573
Smržice;1625
Srbce;86
Stařechovice;546
Stínava;155
Stražisko;430
Suchdol;594
Šubířov;234
Tištín;501
Tvorovice;282
Určice;1366
Víceměřice;600
Vícov;544
Vincencov;120
Vitčice;178
Vranovice-Kelčice;602
Vrbátky;1723
Vrchoslavice;624
Vřesovice;562
Výšovice;486
Zdětín;355
Želeč;559
Bělotín;1838
Beňov;677
Bezuchov;195
Bohuslávky;317
Bochoř;983
Brodek u Přerova;1960
Buk;380
Býškovice;416
Císařov;298
Citov;538
Čechy;332
Čelechovice;125
Černotín;770
Dobrčice;222
Dolní Nětčice;249
Dolní Těšice;66
Dolní Újezd;1227
Domaželice;564
Dřevohostice;1497
Grymov;163
Hlinsko;239
Horní Moštěnice;1679
Horní Nětčice;205
Horní Těšice;156
Horní Újezd;416
Hrabůvka;307
Hradčany;304
Hranice;18057
Hustopeče nad Bečvou;1771
Jezernice;663
Jindřichov;461
Kladníky;146
Klokočí;259
Kojetín;6103
Kokory;1164
Křenovice;427
Křtomil;424
Lazníčky;203
Lazníky;545
Lhota;320
Lhotka;62
Lipník nad Bečvou;8024
Lipová;272
Líšná;257
Lobodice;748
Luboměř pod Strážnou;115
Malhotice;367
Měrovice nad Hanou;703
Milenov;430
Milotice nad Bečvou;289
Nahošovice;165
Nelešovice;198
Oldřichov;115
Olšovec;494
Opatovice;813
Oplocany;314
Oprostovice;86
Osek nad Bečvou;1272
Paršovice;393
Partutovice;508
Pavlovice u Přerova;722
Podolí;210
Polkovice;503
Polom;283
Potštát;1179
Prosenice;789
Provodovice;143
Přerov;43186
Přestavlky;275
Radíkov;161
Radkova Lhota;198
Radkovy;149
Radotín;181
Radslavice;1162
Radvanice;278
Rakov;411
Rokytnice;1527
Rouské;257
Říkovice;472
Skalička;616
Soběchleby;589
Sobíšky;147
Stará Ves;632
Stříbrnice;285
Střítež nad Ludinou;818
Sušice;324
Šišma;216
Špičky;287
Teplice nad Bečvou;384
Tovačov;2467
Troubky;2043
Tučín;440
Turovice;229
Týn nad Bečvou;835
Uhřičice;524
Ústí;560
Veselíčko;900
Věžky;212
Vlkoš;703
Všechovice;864
Výkleky;277
Zábeštní Lhota;173
Zámrsky;252
Žákovice;239
Želatovice;532
Bludov;3066
Bohdíkov;1317
Bohuslavice;516
Bohutín;765
Branná;267
Bratrušov;624
Brníčko;666
Bušín;397
Dlouhomilov;482
Dolní Studénky;1370
Drozdov;339
Dubicko;1079
Hanušovice;3169
Horní Studénky;339
Hoštejn;433
Hraběšice;172
Hrabišín;841
Hrabová;645
Hynčina;190
Chromeč;556
Jakubovice;211
Janoušov;49
Jedlí;679
Jestřebí;638
Jindřichov;1173
Kamenná;524
Klopina;615
Kolšov;723
Kopřivná;284
Kosov;316
Krchleby;166
Lesnice;642
Leština;1274
Libina;3289
Líšnice;369
Loštice;2979
Loučná nad Desnou;1556
Lukavice;871
Malá Morava;526
Maletín;390
Mírov;375
Mohelnice;9189
Moravičany;1317
Nemile;648
Nový Malín;3629
Olšany;1056
Oskava;1274
Palonín;335
Pavlov;631
Petrov nad Desnou;1224
Písařov;726
Police;217
Postřelmov;3029
Postřelmůvek;315
Rájec;496
Rapotín;3252
Rejchartice;187
Rohle;640
Rovensko;829
Ruda nad Moravou;2537
Sobotín;1157
Staré Město;1726
Stavenice;136
Sudkov;1127
Svébohov;418
Šléglov;43
Štíty;2021
Šumperk;25957
Třeština;389
Úsov;1183
Velké Losiny;2610
Vernířovice;201
Vikantice;68
Vikýřovice;2354
Vyšehoří;252
Zábřeh;13589
Zborov;221
Zvole;846
Bařice-Velké Těšany;476
Bezměrov;505
Blazice;193
Bořenovice;194
Brusné;371
Břest;930
Bystřice pod Hostýnem;8169
Cetechovice;178
Dřínov;435
Holešov;11606
Honětice;78
Horní Lapač;272
Hoštice;158
Hulín;6819
Chomýž;358
Chropyně;4889
Chvalčov;1631
Chvalnov-Lísky;249
Jankovice;385
Jarohněvice;307
Karolín;252
Komárno;285
Koryčany;2756
Kostelany;620
Kostelec u Holešova;1003
Kroměříž;28816
Kunkovice;83
Kurovice;261
Kvasice;2213
Kyselovice;485
Lechotice;423
Litenčice;473
Loukov;939
Lubná;458
Ludslavice;490
Lutopecny;590
Martinice;773
Míškovice;660
Morkovice-Slížany;2924
Mrlínek;274
Němčice;348
Nítkovice;233
Nová Dědina;431
Osíčko;459
Pacetluky;220
Pačlavice;878
Počenice-Tetětice;699
Podhradní Lhota;484
Prasklice;246
Pravčice;733
Prusinovice;1225
Přílepy;984
Rajnochovice;541
Rataje;1153
Roštění;669
Roštín;676
Rusava;567
Rymice;604
Skaštice;385
Slavkov pod Hostýnem;640
Soběsuky;370
Střílky;618
Střížovice;252
Sulimov;152
Šelešovice;330
Troubky-Zdislavice;445
Třebětice;280
Uhřice;187
Věžky;409
Vítonice;411
Vrbka;184
Zahnašovice;320
Záříčí;716
Zástřizly;141
Zborovice;1485
Zdounky;2127
Zlobice;621
Žalkovice;581
Žeranovice;787
Babice;1832
Bánov;2119
Bílovice;1916
Bojkovice;4395
Boršice;2162
Boršice u Blatnice;821
Břestek;829
Březolupy;1684
Březová;999
Buchlovice;2419
Bystřice pod Lopeníkem;813
Částkov;383
Dolní Němčí;2970
Drslavice;513
Hluk;4340
Horní Němčí;820
Hostějov;43
Hostětín;220
Hradčovice;1017
Huštěnovice;986
Jalubí;1806
Jankovice;462
Kněžpole;1096
Komňa;562
Korytná;938
Kostelany nad Moravou;919
Košíky;404
Kudlovice;980
Kunovice;5606
Lopeník;235
Medlovice;458
Mistřice;1188
Modrá;716
Nedachlebice;814
Nedakonice;1594
Nezdenice;732
Nivnice;3374
Ořechov;762
Ostrožská Lhota;1481
Ostrožská Nová Ves;3492
Osvětimany;876
Pašovice;712
Pitín;910
Podolí;878
Polešovice;2015
Popovice;1027
Prakšice;1035
Rudice;439
Salaš;392
Slavkov;659
Staré Hutě;122
Staré Město;6652
Starý Hrozenkov;894
Strání;3476
Stříbrnice;420
Stupava;156
Suchá Loz;1141
Sušice;611
Svárov;227
Šumice;1661
Topolná;1638
Traplice;1144
Tučapy;255
Tupesy;1140
Uherské Hradiště;25212
Uherský Brod;16493
Uherský Ostroh;4267
Újezdec;249
Vápenice;198
Vážany;431
Velehrad;1172
Veletiny;551
Vlčnov;3012
Vyškovec;143
Záhorovice;1036
Zlámanec;322
Zlechov;1663
Žítková;177
Branky;971
Bystřička;1010
Dolní Bečva;1913
Francova Lhota;1558
Halenkov;2417
Horní Bečva;2461
Horní Lideč;1363
Hošťálková;2218
Hovězí;2409
Huslenky;2223
Hutisko-Solanec;2020
Choryně;761
Jablůnka;2030
Janová;755
Jarcová;840
Karolinka;2528
Kateřinice;1039
Kelč;2689
Kladeruby;432
Krhová;1996
Kunovice;615
Lačnov;865
Leskovec;665
Lešná;2037
Lhota u Vsetína;789
Lidečko;1812
Liptál;1505
Loučka;797
Lužná;618
Malá Bystřice;294
Mikulůvka;793
Nový Hrozenkov;2629
Oznice;485
Podolí;259
Police;587
Poličná;1747
Pozděchov;594
Prlov;531
Prostřední Bečva;1742
Pržno;639
Ratiboř;1867
Rožnov pod Radhoštěm;16420
Růžďka;909
Seninka;305
Střelná;574
Střítež nad Bečvou;852
Študlov;502
Ústí;620
Valašská Bystřice;2247
Valašská Polanka;1433
Valašská Senice;441
Valašské Meziříčí;22217
Valašské Příkazy;309
Velká Lhota;508
Velké Karlovice;2385
Vidče;1747
Vigantice;1093
Vsetín;26092
Zašová;3045
Zděchov;590
Zubří;5540
Bělov;316
Biskupice;708
Bohuslavice nad Vláří;372
Bohuslavice u Zlína;773
Bratřejov;762
Brumov-Bylnice;5540
Březnice;1309
Březová;516
Březůvky;693
Dešná;216
Dobrkovice;252
Dolní Lhota;655
Doubravy;578
Drnovice;421
Držková;363
Fryšták;3697
Halenkovice;1934
Haluzice;78
Horní Lhota;592
Hostišová;519
Hrobice;465
Hřivínův Újezd;549
Hvozdná;1286
Jasenná;967
Jestřabí;277
Kaňovice;290
Karlovice;246
Kašava;924
Kelníky;147
Komárov;321
Křekov;188
Lhota;885
Lhotsko;275
Lípa;866
Lipová;359
Loučka;482
Ludkovice;719
Luhačovice;5045
Lukov;1758
Lukoveček;456
Lutonina;412
Machová;656
Mysločovice;625
Napajedla;7222
Návojná;725
Nedašov;1383
Nedašova Lhota;689
Neubuz;457
Oldřichovice;401
Ostrata;409
Otrokovice;17876
Petrůvka;334
Podhradí;206
Podkopná Lhota;331
Pohořelice;897
Poteč;775
Pozlovice;1259
Provodov;791
Racková;829
Rokytnice;594
Rudimov;252
Sazovice;771
Sehradice;686
Slavičín;6468
Slopné;582
Slušovice;2980
Spytihněv;1682
Šanov;479
Šarovy;257
Štítná nad Vláří-Popov;2192
Tečovice;1334
Tichov;312
Tlumačov;2461
Trnava;1166
Ublo;301
Újezd;1191
Valašské Klobouky;4951
Velký Ořechov;755
Veselá;841
Vizovice;4800
Vlachova Lhota;228
Vlachovice;1468
Vlčková;414
Všemina;1134
Vysoké Pole;836
Zádveřice-Raková;1456
Zlín;74997
Želechovice nad Dřevnicí;1865
Žlutava;1182
Andělská Hora;357
Bílčice;227
Bohušov;371
Brantice;1370
Bruntál;16408
Břidličná;3129
Býkov-Láryšov;162
Čaková;302
Dětřichov nad Bystřicí;416
Dívčí Hrad;303
Dlouhá Stráň;89
Dolní Moravice;388
Dvorce;1319
Heřmanovice;340
Hlinka;180
Holčovice;718
Horní Benešov;2253
Horní Město;844
Horní Životice;329
Hošťálkovy;599
Janov;293
Jindřichov;1235
Jiříkov;270
Karlova Studánka;178
Karlovice;992
Krasov;341
Krnov;23397
Křišťanovice;267
Leskovec nad Moravicí;417
Lichnov;995
Liptaň;453
Lomnice;513
Ludvíkov;285
Malá Morávka;659
Malá Štáhle;139
Město Albrechtice;3529
Mezina;390
Milotice nad Opavou;387
Moravskoslezský Kočov;560
Nová Pláň;54
Nové Heřminovy;278
Oborná;404
Osoblaha;1096
Petrovice;140
Razová;525
Roudno;211
Rudná pod Pradědem;381
Rusín;153
Rýmařov;8247
Ryžoviště;599
Slezské Pavlovice;213
Slezské Rudoltice;542
Stará Ves;493
Staré Heřminovy;194
Staré Město;909
Světlá Hora;1393
Svobodné Heřmanice;543
Široká Niva;546
Třemešná;902
Tvrdkov;228
Úvalno;977
Václavov u Bruntálu;461
Valšov;241
Velká Štáhle;342
Vrbno pod Pradědem;5040
Vysoká;309
Zátor;1193
Baška;3892
Bílá;286
Bocanovice;462
Brušperk;4024
Bruzovice;908
Bukovec;1372
Bystřice;5334
Čeladná;2800
Dobrá;3158
Dobratice;1258
Dolní Domaslavice;1378
Dolní Lomná;917
Dolní Tošanovice;355
Fryčovice;2446
Frýdek-Místek;55931
Frýdlant nad Ostravicí;9964
Hnojník;1454
Horní Domaslavice;894
Horní Lomná;381
Horní Tošanovice;618
Hrádek;1874
Hrčava;260
Hukvaldy;2063
Jablunkov;5547
Janovice;1900
Kaňovice;329
Komorní Lhotka;1379
Košařiska;374
Kozlovice;3039
Krásná;687
Krmelín;2362
Kunčice pod Ondřejníkem;2375
Lhotka;538
Lučina;1400
Malenovice;768
Metylovice;1755
Milíkov;1357
Morávka;1208
Mosty u Jablunkova;3799
Návsí;3874
Nižní Lhoty;281
Nošovice;1066
Nýdek;2078
Ostravice;2428
Palkovice;3372
Paskov;3890
Pazderna;304
Písečná;1003
Písek;1857
Pražmo;913
Pržno;1080
Pstruží;1010
Raškovice;1880
Ropice;1642
Řeka;544
Řepiště;1838
Sedliště;1665
Smilovice;806
Soběšovice;884
Staré Hamry;543
Staré Město;1472
Staříč;2188
Střítež;1026
Sviadnov;2014
Třanovice;1033
Třinec;35131
Vělopolí;285
Vendryně;4489
Vojkovice;703
Vyšní Lhoty;858
Žabeň;850
Žermanice;334
Albrechtice;3848
Bohumín;20690
Český Těšín;24438
Dětmarovice;4233
Dolní Lutyně;5272
Doubrava;1213
Havířov;71903
Horní Bludovice;2413
Horní Suchá;4415
Chotěbuz;1363
Karviná;52824
Orlová;28852
Petrovice u Karviné;5407
Petřvald;7190
Rychvald;7457
Stonava;1852
Těrlicko;4517
Albrechtičky;708
Bartošovice;1703
Bernartice nad Odrou;987
Bílov;575
Bílovec;7419
Bítov;468
Bordovice;615
Bravantice;916
Frenštát pod Radhoštěm;10820
Fulnek;5656
Heřmanice u Oder;333
Heřmánky;159
Hladké Životice;1005
Hodslavice;1742
Hostašovice;786
Jakubčovice nad Odrou;642
Jeseník nad Odrou;1994
Jistebník;1591
Kateřinice;647
Kopřivnice;21949
Kujavy;552
Kunín;1866
Libhošť;1719
Lichnov;1573
Luboměř;370
Mankovice;571
Mořkov;2516
Mošnov;738
Nový Jičín;23496
Odry;7227
Petřvald;1807
Příbor;8452
Pustějov;972
Rybí;1257
Sedlnice;1570
Skotnice;827
Slatina;782
Spálov;877
Starý Jičín;2870
Studénka;9536
Suchdol nad Odrou;2669
Šenov u Nového Jičína;2077
Štramberk;3438
Tichá;1804
Tísek;958
Trnávka;741
Trojanovice;2684
Velké Albrechtice;1143
Veřovice;2013
Vražné;833
Vrchy;213
Závišice;1062
Ženklava;1102
Životice u Nového Jičína;650
Bělá;663
Bohuslavice;1784
Bolatice;4478
Branka u Opavy;1075
Bratříkovice;153
Brumovice;1491
Březová;1391
Budišov nad Budišovkou;2908
Budišovice;756
Čermná ve Slezsku;377
Darkovice;1363
Děhylov;732
Dobroslavice;756
Dolní Benešov;4043
Dolní Životice;1046
Háj ve Slezsku;3272
Hať;2515
Hlavnice;661
Hlubočec;561
Hlučín;13953
Hněvošice;1001
Holasovice;1359
Hrabyně;1194
Hradec nad Moravicí;5489
Chlebičov;1172
Chuchelná;1287
Chvalíkovice;696
Jakartovice;1038
Jezdkovice;242
Kobeřice;3307
Kozmice;1912
Kravaře;6695
Kružberk;237
Kyjovice;865
Lhotka u Litultovic;202
Litultovice;916
Ludgeřovice;4919
Markvartovice;2032
Melč;635
Mikolajice;280
Mladecko;143
Mokré Lazce;1146
Moravice;222
Neplachovice;950
Nové Lublice;202
Nové Sedlice;501
Oldřišov;1380
Opava;56638
Otice;1436
Píšť;2114
Pustá Polom;1384
Radkov;488
Raduň;1112
Rohov;596
Skřipov;1032
Slavkov;2031
Služovice;795
Sosnová;404
Staré Těchanovice;149
Stěbořice;1480
Strahovice;891
Sudice;619
Svatoňovice;250
Šilheřovice;1580
Štáblovice;667
Štěpánkovice;3222
Štítina;1259
Těškovice;825
Třebom;220
Uhlířov;364
Velké Heraltice;1628
Velké Hoštice;1843
Větřkovice;746
Vítkov;5725
Vršovice;519
Vřesina;1643
Závada;594
Čavisov;495
Dolní Lhota;1485
Horní Lhota;847
Klimkovice;4468
Olbramice;714
Ostrava;289128
Stará Ves nad Ondřejnicí;2789
Šenov;6400
Václavovice;1998
Velká Polom;2065
Vratimov;7297
Vřesina;2951
Zbyslavice;636